id,time,dtg,address,lat,long,bat,batstat
1,,10/9/17 1:51,,38.57808165,-121.4973938,5%,Charging
1,,10/9/17 1:51,,38.57892908,-121.4971781,5%,Charging
1,,10/9/17 1:52,,38.58082092,-121.4962009,5%,Charging
1,,10/9/17 1:52,,38.58131055,-121.4959379,5%,Charging
1,,10/9/17 1:53,,38.58128029,-121.4958875,5%,NotCharging
1,,10/9/17 1:54,,38.58086128,-121.4960709,3%,NotCharging
1,,10/9/17 1:54,,38.58115578,-121.4960072,1%,NotCharging
1,,10/9/17 1:55,,38.58072633,-121.4959487,0%,NotCharging
1,,10/9/17 1:56,,38.58071476,-121.4957626,0%,NotCharging
1,,10/9/17 1:56,,38.58068044,-121.4952864,0%,NotCharging
1,,10/9/17 1:57,,38.58051511,-121.4948611,0%,NotCharging
1,,10/9/17 1:57,,38.58046867,-121.4947925,0%,NotCharging
1,10/16/17 12:54,10/16/17 12:54,"3800 J St, Sacramento, CA 95816, USA",38.5698942,-121.4553392,46%,NotCharging
1,10/16/17 14:44,10/16/17 14:24,"3810 J St, Sacramento, CA 95816, USA",38.56960715,-121.4554797,20%,NotCharging
1,10/16/17 14:49,10/16/17 14:49,"1822 13th St, Sacramento, CA 95811, USA",38.56937186,-121.4935601,20%,NotCharging
1,10/16/17 14:55,10/16/17 14:49,"1220-1238 S St, Sacramento, CA 95811, USA",38.56926349,-121.4938252,18%,NotCharging
1,10/16/17 15:00,10/16/17 15:00,"1225 S St, Sacramento, CA 95811, USA",38.56940639,-121.4937489,18%,NotCharging
1,10/16/17 15:05,10/16/17 15:05,"1822 13th St, Sacramento, CA 95811, USA",38.56934995,-121.4935117,18%,Charging
1,10/16/17 15:16,10/16/17 15:15,"3810 J St, Sacramento, CA 95816, USA",38.56986594,-121.4554647,23%,NotCharging
1,10/16/17 17:24,10/16/17 17:23,"3810 J St, Sacramento, CA 95816, USA",38.56945192,-121.4554921,10%,NotCharging
1,43026.86736,10/16/17 17:26,"2620 E St, Sacramento, CA 95816, USA","38.5796487937,-121.468681069",10%,NotCharging,
1,10/16/17 17:30,10/16/17 17:29,"2831-2899 H St, Sacramento, CA 95816, USA",38.57568684,-12147%,10%,NotCharging
1,10/16/17 17:32,10/16/17 17:31,"2620 E St, Sacramento, CA 95816, USA",38.57964879,-121.4686811,10%,NotCharging
1,10/16/17 17:34,10/16/17 17:34,"2005 D St, Sacramento, CA 95811, USA",38.58309261,-121.4763738,9%,Charging
1,10/16/17 17:37,10/16/17 17:37,"400 N 16th St, Sacramento, CA 95811, USA",38.59117211,-121.4795401,10%,Charging
1,10/16/17 17:38,10/16/17 17:38,"525-743 N 16th St, Sacramento, CA 95811, USA",38.5929207,-121.4786451,10%,Charging
1,10/16/17 17:42,10/16/17 17:42,"2330-2350 Northgate Blvd, Sacramento, CA 95833, USA",38.60945455,-121.4755553,11%,Charging
1,10/16/17 17:48,10/16/17 17:48,"San Juan Rd, Sacramento, CA 95834, USA",38.62747991,-121.4973841,14%,Charging
1,10/16/17 21:05,10/16/17 21:04,"9663 Folsom Blvd, Sacramento, CA 95827, USA",38.57252237,-121.3371857,25%,NotCharging
1,10/16/17 21:11,10/16/17 21:11,"9592 Folsom Blvd, Sacramento, CA 95827, USA",38.5721775,-121.3369457,23%,NotCharging
1,10/16/17 21:13,10/16/17 21:12,"2725-2799 Stoughton Way, Sacramento, CA 95827, USA",38.57023927,-121.3452897,23%,NotCharging
1,10/16/17 21:15,10/16/17 21:14,"9529-9535 Mira Del Rio Dr, Sacramento, CA 95827, USA",38.57682584,-121.3445248,23%,NotCharging
1,10/16/17 21:17,10/16/17 21:16,"9461 Linda Rio Dr, Sacramento, CA 95827, USA",38.57033667,-121.3465615,23%,NotCharging
1,10/16/17 21:18,10/16/17 21:18,"9500 Butterfield Way, Sacramento, CA 95827, USA",38.57060665,-121.3460945,23%,NotCharging
1,10/16/17 21:30,10/16/17 21:30,"9484 Butterfield Way, Sacramento, CA 95827, USA",38.57058865,-121.3466842,23%,NotCharging
1,10/16/17 21:40,10/16/17 21:40,"9484 Butterfield Way, Sacramento, CA 95827, USA",38.57058603,-121.3466835,21%,NotCharging
1,10/16/17 21:50,10/16/17 21:49,"9461-9469 Linda Rio Dr, Sacramento, CA 95827, USA",38.57046051,-121.3462727,20%,NotCharging
1,10/16/17 22:01,10/16/17 22:01,"9484 Butterfield Way, Sacramento, CA 95827, USA",38.57058595,-121.3466787,20%,NotCharging
1,10/16/17 22:10,10/16/17 22:10,"9484 Butterfield Way, Sacramento, CA 95827, USA",38.57058752,-121.3466814,20%,NotCharging
1,10/16/17 22:22,10/16/17 22:21,"9471-9475 Butterfield Way, Sacramento, CA 95827, USA",38.57074375,-121.346329,18%,NotCharging
1,10/16/17 22:31,10/16/17 22:31,"9475-9499 Butterfield Way, Sacramento, CA 95827, USA",38.57070508,-121.3461625,18%,NotCharging
1,10/16/17 22:40,10/16/17 22:37,"9461-9469 Linda Rio Dr, Sacramento, CA 95827, USA",38.5704999,-121.3463471,18%,NotCharging
1,10/16/17 22:42,10/16/17 22:42,"9535-9551 Butterfield Way, Sacramento, CA 95827, USA",38.56945423,-121.3450025,17%,NotCharging
1,10/16/17 22:52,10/16/17 22:52,"9461 Linda Rio Dr, Sacramento, CA 95827, USA",38.57046349,-121.3463663,17%,NotCharging
1,10/16/17 23:01,10/16/17 23:01,"9461-9469 Linda Rio Dr, Sacramento, CA 95827, USA",38.57043884,-121.3462903,15%,NotCharging
1,10/16/17 23:10,10/16/17 23:10,"9517 Linda Rio Dr, Sacramento, CA 95827, USA",38.57070108,-121.3460531,14%,NotCharging
1,10/16/17 23:15,10/16/17 23:15,"9480-9484 Alcosta Way, Sacramento, CA 95827, USA",38.57339187,-121.3459737,14%,NotCharging
1,10/16/17 23:21,10/16/17 23:21,"9480-9484 Alcosta Way, Sacramento, CA 95827, USA",38.57340298,-121.3459716,14%,NotCharging
1,10/16/17 23:26,10/16/17 23:26,"2901-2999 Bradshaw Rd, Sacramento, CA 95827, USA",38.57120304,-121.3365128,15%,Charging
1,10/16/17 23:37,10/16/17 23:37,"1020 N St, Sacramento, CA 95814, USA",38.57581125,-121.4952522,20%,Charging
1,10/16/17 23:45,10/16/17 23:45,"3439-3451 Soda Way, Sacramento, CA 95834, USA",38.63047407,-121.5021782,23%,Charging
1,10/17/17 10:49,10/16/17 23:45,"3500 Soda Way, Sacramento, CA 95834, USA",38.6306808,-121.5016822,0%,Unknown
1,10/17/17 10:50,10/17/17 10:50,"3810 J St, Sacramento, CA 95816, USA",38.56983262,-121.4553329,51%,NotCharging
1,10/17/17 11:00,10/17/17 11:00,"3800j J St, Sacramento, CA 95816, USA",38.5699068,-121.4555116,51%,NotCharging
1,10/17/17 11:10,10/17/17 11:10,"3800j J St, Sacramento, CA 95816, USA",38.56990834,-121.4553507,49%,NotCharging
1,10/17/17 11:33,10/17/17 11:33,"3810 J St, Sacramento, CA 95816, USA",38.56986368,-121.4551515,47%,NotCharging
1,10/17/17 11:59,10/17/17 11:59,"3810 J St, Sacramento, CA 95816, USA",38.56982709,-121.4553116,46%,NotCharging
1,10/17/17 12:56,10/17/17 12:56,"3810 J St, Sacramento, CA 95816, USA",38.5698874,-121.4553426,43%,NotCharging
1,10/17/17 13:39,10/17/17 13:39,"3800j J St, Sacramento, CA 95816, USA",38.56987805,-121.4554486,40%,NotCharging
1,10/17/17 15:22,10/17/17 13:39,"3800j J St, Sacramento, CA 95816, USA",38.56987805,-121.4554486,33%,NotCharging
1,10/17/17 15:22,10/17/17 15:22,"4050 H St, Sacramento, CA 95819, USA",38.57077177,-121.4527153,33%,NotCharging
1,10/17/17 15:43,10/17/17 15:43,"4050 H St, Sacramento, CA 95819, USA",38.57077085,-121.4527148,31%,NotCharging
1,10/17/17 15:59,10/17/17 15:59,"4050 H St, Sacramento, CA 95819, USA",38.57078806,-121.4526949,30%,NotCharging
1,10/17/17 16:09,10/17/17 16:09,"3800j J St, Sacramento, CA 95816, USA",38.5699136,-121.4553517,28%,NotCharging
1,10/17/17 16:30,10/17/17 16:30,"3810 J St, Sacramento, CA 95816, USA",38.56964889,-121.4554305,23%,NotCharging
1,10/17/17 16:45,10/17/17 16:45,"3810 J St, Sacramento, CA 95816, USA",38.56985584,-121.4553304,23%,NotCharging
1,10/17/17 16:59,10/17/17 16:59,3810 J St Sacramento CA 95816 USA,38.56978652,-121.4552029,23%,NotCharging
1,10/17/17 17:14,10/17/17 17:13,"3800j J St, Sacramento, CA 95816, USA",38.56995437,-121.4553772,20%,NotCharging
1,10/17/17 17:31,10/17/17 17:30,"3810 J St, Sacramento, CA 95816, USA",38.56981548,-121.4552484,18%,NotCharging
1,10/17/17 17:47,10/17/17 17:47,"3800j J St, Sacramento, CA 95816, USA",38.56993654,-121.4553624,17%,NotCharging
1,10/17/17 18:00,10/17/17 18:00,"3200 Folsom Blvd, Sacramento, CA 95816, USA",38.56787356,-121.4646726,12%,NotCharging
1,10/17/17 18:12,10/17/17 18:12,"1700-1710 13th St, Sacramento, CA 95811, USA",38.57129124,-121.4926929,17%,Charging
1,10/17/17 18:17,10/17/17 18:17,"1531-1599 Lincoln Hwy, Sacramento, CA 95814, USA",38.57377169,-121.4872466,20%,Charging
1,10/17/17 18:29,10/17/17 18:29,"1109 Front St, Sacramento, CA 95814, USA",38.58185898,-121.5061639,25%,Charging
1,10/17/17 19:02,10/17/17 19:02,"200 K St, Sacramento, CA 95814, USA",38.58197573,-121.5042576,28%,NotCharging
1,10/17/17 19:31,10/17/17 19:31,"1009 2nd St, Sacramento, CA 95814, USA",38.58258412,-121.5040029,25%,NotCharging
1,10/17/17 20:04,10/17/17 20:04,"103 K St, Sacramento, CA 95814, USA",38.58255589,-121.5054912,23%,NotCharging
1,10/17/17 20:32,10/17/17 20:32,"103 K St, Sacramento, CA 95814, USA",38.58245098,-121.5057131,21%,NotCharging
1,10/17/17 20:42,10/17/17 20:41,"103 K St, Sacramento, CA 95814, USA",38.58247178,-121.505584,20%,NotCharging
1,10/17/17 20:49,10/17/17 20:43,103 K St Sacramento  CA 95814,38.58252819,-121.5054162,20%,"NotCharging"""
1,10/17/17 20:50,10/17/17 20:50,"926 2nd St, Sacramento, CA 95814, USA",38.58323797,-121.504127,20%,NotCharging
1,10/17/17 20:55,10/17/17 20:55,"Golden State Hwy, Sacramento, CA 95814, USA",38.58243383,-121.5035908,20%,NotCharging
1,10/17/17 21:02,10/17/17 21:02,"Golden State Hwy, Sacramento, CA 95814, USA",38.58102629,-121.5044588,20%,NotCharging
1,10/17/17 21:03,10/17/17 21:02,"1100-1198 3rd St, Sacramento, CA 95814, USA",38.58065412,-121.5036866,20%,NotCharging
1,10/17/17 21:05,10/17/17 21:05,"1600 Garden Hwy, Sacramento, CA 95833, USA",38.60728842,-121.502909,20%,NotCharging
1,10/17/17 21:06,10/17/17 21:05,"W El Camino Ave & I-5 & West Side Fwy, Sacramento, CA 95833, USA",38.61257765,-121.5108201,20%,NotCharging
1,10/17/17 21:07,10/17/17 21:07,"1622 W El Camino Ave, Sacramento, CA 95833, USA",38.6122402,-121.498738,20%,NotCharging
1,10/17/17 21:08,10/17/17 21:08,"1651 Truxel Rd, Sacramento, CA 95833, USA",38.61203337,-121.4987516,20%,NotCharging
1,10/17/17 21:09,10/17/17 21:08,"1651 Truxel Rd, Sacramento, CA 95833, USA",38.61203337,-121.4987516,18%,NotCharging
1,10/17/17 21:10,10/17/17 21:09,"1622 W El Camino Ave, Sacramento, CA 95833, USA",38.61211178,-121.4987349,18%,NotCharging
1,10/17/17 21:11,10/17/17 21:10,"1622-1628 W El Camino Ave, Sacramento, CA 95833, USA",38.61204477,-121.4987845,18%,NotCharging
1,10/17/17 21:12,10/17/17 21:11,"1651 Truxel Rd, Sacramento, CA 95833, USA",38.61208978,-121.49865,18%,NotCharging
1,10/17/17 21:14,10/17/17 21:13,"1620 W El Camino Ave, Sacramento, CA 95833, USA",38.61214501,-121.4990272,18%,NotCharging
1,10/17/17 21:15,10/17/17 21:14,"1600 W El Camino Ave, Sacramento, CA 95833, USA",38.61263594,-121.4983275,18%,NotCharging
1,10/17/17 21:16,10/17/17 21:16,"1583 W El Camino Ave, Sacramento, CA 95833, USA",38.61314749,-121.4961456,18%,NotCharging
1,10/17/17 21:17,10/17/17 21:16,"1587 W El Camino Ave, Sacramento, CA 95833, USA",38.61326299,-121.4961543,18%,NotCharging
1,10/17/17 21:18,10/17/17 21:18,"1583 W El Camino Ave, Sacramento, CA 95833, USA",38.61322552,-121.4961756,18%,NotCharging
1,10/17/17 21:20,10/17/17 21:18,"1583 W El Camino Ave, Sacramento, CA 95833, USA",38.61322552,-121.4961756,18%,NotCharging
1,10/17/17 21:22,10/17/17 21:22,"1587 W El Camino Ave, Sacramento, CA 95833, USA",38.61329543,-121.4961115,18%,NotCharging
1,10/17/17 21:25,10/17/17 21:22,"1587 W El Camino Ave, Sacramento, CA 95833, USA",38.61329568,-121.4961137,18%,NotCharging
1,10/17/17 21:26,10/17/17 21:26,"1594-1598 W El Camino Ave, Sacramento, CA 95833, USA",38.6127571,-121.4976786,18%,NotCharging
1,10/17/17 21:27,10/17/17 21:27,"1590 W El Camino Ave, Sacramento, CA 95833, USA",38.61234865,-121.4973289,18%,NotCharging
1,10/17/17 21:29,10/17/17 21:27,"1580 W El Camino Ave, Sacramento, CA 95833, USA",38.61215503,-121.497255,18%,NotCharging
1,10/17/17 21:32,10/17/17 21:27,"1580 W El Camino Ave, Sacramento, CA 95833, USA",38.61215503,-121.497255,18%,NotCharging
1,10/17/17 21:33,10/17/17 21:27,"1580 W El Camino Ave, Sacramento, CA 95833, USA",38.61215503,-121.497255,18%,NotCharging
1,10/17/17 21:34,10/17/17 21:27,"1580 W El Camino Ave, Sacramento, CA 95833, USA",38.61215503,-121.497255,18%,NotCharging
1,10/17/17 21:34,10/17/17 21:34,"1580 W El Camino Ave, Sacramento, CA 95833, USA",38.61218282,-121.4971954,14%,NotCharging
1,10/17/17 21:38,10/17/17 21:38,"1580 W El Camino Ave, Sacramento, CA 95833, USA",38.61202679,-121.4972774,14%,NotCharging
1,10/17/17 21:38,10/17/17 21:38,"1580 W El Camino Ave, Sacramento, CA 95833, USA",38.61204627,-121.4973033,14%,NotCharging
1,10/17/17 21:41,10/17/17 21:38,"2615 Truxel Rd, Sacramento, CA 95833, USA",38.61239391,-121.4977067,14%,NotCharging
1,10/17/17 21:42,10/17/17 21:42,"3273-3299 Truxel Rd, Sacramento, CA 95833, USA",38.62714418,-121.4980282,14%,NotCharging
1,10/17/17 21:44,10/17/17 21:42,"3273-3299 Truxel Rd, Sacramento, CA 95833, USA",38.62715373,-121.4979311,14%,NotCharging
1,10/18/17 8:43,10/18/17 8:43,"3810 J St, Sacramento, CA 95816, USA",38.56988724,-121.4553566,99%,NotCharging
1,10/18/17 11:34,10/18/17 11:33,"3810 J St, Sacramento, CA 95816, USA",38.56986928,-121.4553361,85%,NotCharging
1,10/18/17 11:39,10/18/17 11:39,"3800j J St, Sacramento, CA 95816, USA",38.56990467,-121.4553569,85%,NotCharging
1,10/18/17 11:45,10/18/17 11:44,"3810 J St, Sacramento, CA 95816, USA",38.56980789,-121.4553953,85%,NotCharging
1,10/18/17 11:50,10/18/17 11:50,"3810 J St, Sacramento, CA 95816, USA",38.5698732,-121.4553481,83%,NotCharging
1,10/18/17 11:55,10/18/17 11:55,"3810 J St, Sacramento, CA 95816, USA",38.56985776,-121.4553397,82%,NotCharging
1,10/18/17 12:01,10/18/17 12:01,"3810 J St, Sacramento, CA 95816, USA",38.56984691,-121.4553354,82%,NotCharging
1,10/18/17 12:06,10/18/17 12:06,"3810 J St, Sacramento, CA 95816, USA",38.56984691,-121.4553354,82%,NotCharging
1,10/18/17 12:09,10/18/17 12:09,"3810 J St, Sacramento, CA 95816, USA",38.56974834,-121.4553337,82%,NotCharging
1,10/18/17 12:14,10/18/17 12:14,"3810 J St, Sacramento, CA 95816, USA",38.56984268,-121.4553518,82%,NotCharging
1,10/18/17 12:19,10/18/17 12:19,"3810 J St, Sacramento, CA 95816, USA",38.56987298,-121.4553436,82%,NotCharging
1,10/18/17 12:25,10/18/17 12:25,"3810 J St, Sacramento, CA 95816, USA",38.56989452,-121.4553352,80%,NotCharging
1,10/18/17 12:30,10/18/17 12:30,"3810 J St, Sacramento, CA 95816, USA",38.56975781,-121.4552003,75%,NotCharging
1,10/18/17 12:36,10/18/17 12:36,"3810 J St, Sacramento, CA 95816, USA",38.56979318,-121.4552788,75%,NotCharging
1,10/18/17 12:41,10/18/17 12:41,"3810 J St, Sacramento, CA 95816, USA",38.56988965,-121.4553561,75%,NotCharging
1,10/18/17 12:46,10/18/17 12:46,"3810 J St, Sacramento, CA 95816, USA",38.56986795,-121.4553392,75%,NotCharging
1,10/18/17 14:17,10/18/17 14:17,"3810 J St, Sacramento, CA 95816, USA",38.56986609,-121.455335,46%,NotCharging
1,10/18/17 14:22,10/18/17 14:22,"3810 J St, Sacramento, CA 95816, USA",38.56986657,-121.455335,44%,NotCharging
1,10/18/17 14:27,10/18/17 14:27,"3810 J St, Sacramento, CA 95816, USA",38.56987173,-121.4553431,44%,NotCharging
1,10/18/17 14:32,10/18/17 14:27,"3810 J St, Sacramento, CA 95816, USA",38.56977319,-121.4554078,44%,NotCharging
1,10/18/17 14:37,10/18/17 14:37,"3810 J St, Sacramento, CA 95816, USA",38.56987066,-121.455342,43%,NotCharging
1,10/18/17 14:43,10/18/17 14:43,"3810 J St, Sacramento, CA 95816, USA",38.56979968,-121.4553185,43%,NotCharging
1,10/18/17 14:48,10/18/17 14:48,"3810 J St, Sacramento, CA 95816, USA",38.56988698,-121.4553522,43%,NotCharging
1,10/18/17 15:05,10/18/17 15:05,"1040 39th St, Sacramento, CA 95816, USA",38.56928654,-121.4553462,38%,NotCharging
1,10/18/17 15:11,10/18/17 15:11,"3800j J St, Sacramento, CA 95816, USA",38.56992742,-121.4554497,37%,NotCharging
1,10/18/17 15:16,10/18/17 15:16,"3810 J St, Sacramento, CA 95816, USA",38.56990429,-121.4552129,37%,NotCharging
1,10/18/17 15:21,10/18/17 15:21,"3810 J St, Sacramento, CA 95816, USA",38.56950401,-121.4555729,37%,NotCharging
1,10/18/17 15:26,10/18/17 15:26,"3800j J St, Sacramento, CA 95816, USA",38.56989766,-121.4553514,37%,NotCharging
1,10/18/17 15:45,10/18/17 15:45,"3800j J St, Sacramento, CA 95816, USA",38.56991293,-121.4553394,34%,NotCharging
1,10/18/17 15:47,10/18/17 15:47,"3810 J St, Sacramento, CA 95816, USA",38.56983497,-121.4553406,34%,NotCharging
1,10/18/17 15:52,10/18/17 15:52,"3800j J St, Sacramento, CA 95816, USA",38.56990185,-121.4553544,34%,NotCharging
1,10/18/17 15:57,10/18/17 15:57,"3810 J St, Sacramento, CA 95816, USA",38.56987253,-121.4553444,34%,NotCharging
1,10/18/17 16:03,10/18/17 16:03,"3810 J St, Sacramento, CA 95816, USA",38.56987619,-121.4553512,34%,NotCharging
1,10/18/17 16:08,10/18/17 16:08,"3800j J St, Sacramento, CA 95816, USA",38.56990441,-121.455442,34%,NotCharging
1,10/18/17 16:13,10/18/17 16:13,"3810 J St, Sacramento, CA 95816, USA",38.56986154,-121.4553502,34%,NotCharging
1,10/18/17 16:18,10/18/17 16:18,"3810 J St, Sacramento, CA 95816, USA",38.56988387,-121.4553507,31%,NotCharging
1,10/18/17 16:23,10/18/17 16:23,"3800j J St, Sacramento, CA 95816, USA",38.57007368,-121.4554555,31%,NotCharging
1,10/18/17 16:28,10/18/17 16:28,"3800j J St, Sacramento, CA 95816, USA",38.56991542,-121.4553601,31%,NotCharging
1,10/18/17 16:33,10/18/17 16:33,"3810 J St, Sacramento, CA 95816, USA",38.56988774,-121.4553467,31%,NotCharging
1,10/18/17 17:05,10/18/17 16:33,"3810 J St, Sacramento, CA 95816, USA",38.56974646,-121.4553641,30%,NotCharging
1,10/18/17 17:06,10/18/17 17:06,"3810 J St, Sacramento, CA 95816, USA",38.56989044,-121.4553511,30%,NotCharging
1,10/18/17 17:12,10/18/17 17:11,"3810 J St, Sacramento, CA 95816, USA",38.56981164,-121.4553402,28%,NotCharging
1,10/18/17 17:24,10/18/17 17:17,"3800j J St, Sacramento, CA 95816, USA",38.56989311,-121.4553672,28%,NotCharging
1,10/18/17 17:29,10/18/17 17:24,"5030-5038 Folsom Blvd, Sacramento, CA 95819, USA",38.56072556,-121.4440435,27%,NotCharging
1,10/18/17 17:35,10/18/17 17:29,"7021-7035 Folsom Blvd, Sacramento, CA 95826, USA",38.55219073,-121.4208163,25%,NotCharging
1,10/18/17 17:40,10/18/17 17:40,"9500-9502 Folsom Blvd, Sacramento, CA 95827, USA",38.56627085,-121.3486011,23%,NotCharging
1,10/18/17 17:45,10/18/17 17:40,"9336b Mira Del Rio Dr, Sacramento, CA 95827, USA",38.56644461,-121.3488514,23%,NotCharging
1,10/18/17 17:46,10/18/17 17:45,"9480-9484 Alcosta Way, Sacramento, CA 95827, USA",38.57347883,-121.3460764,23%,NotCharging
1,10/18/17 17:48,10/18/17 17:48,"9480-9484 Alcosta Way, Sacramento, CA 95827, USA",38.57342808,-121.3460322,23%,NotCharging
1,10/18/17 17:51,10/18/17 17:51,"9484-9490 Alcosta Way, Sacramento, CA 95827, USA",38.57342476,-121.3459416,21%,NotCharging
1,10/18/17 17:53,10/18/17 17:53,"9484-9490 Alcosta Way, Sacramento, CA 95827, USA",38.57343047,-121.3459667,20%,Charging
1,10/18/17 17:56,10/18/17 17:56,"9484-9490 Alcosta Way, Sacramento, CA 95827, USA",38.57343852,-121.3459859,20%,Charging
1,10/18/17 17:59,10/18/17 17:59,"9480-9484 Alcosta Way, Sacramento, CA 95827, USA",38.57332746,-121.3461033,20%,Charging
1,10/18/17 18:01,10/18/17 18:01,"9480-9484 Alcosta Way, Sacramento, CA 95827, USA",38.5734148,-121.346003,21%,Charging
1,10/18/17 18:04,10/18/17 18:04,"9565 Folsom Blvd, Sacramento, CA 95827, USA",38.5708242,-121.3398802,23%,Charging
1,10/18/17 18:06,10/18/17 18:06,"2880-2898 Bradshaw Rd, Sacramento, CA 95827, USA",38.57277591,-121.3365093,23%,Charging
1,10/18/17 18:09,10/18/17 18:09,"Lincoln Hwy, Sacramento, CA 95826, USA",38.55734961,-121.3927898,25%,Charging
1,10/18/17 18:11,10/18/17 18:11,"Lincoln Hwy, Sacramento, CA 95826, USA",38.55361121,-121.4086451,27%,Charging
1,10/18/17 18:14,10/18/17 18:14,"Lincoln Hwy, Sacramento, CA 95817, USA",38.55306265,-121.4360398,28%,Charging
1,10/18/17 18:16,10/18/17 18:14,"Lincoln Hwy, Sacramento, CA 95817, USA",38.5531986,-121.4363587,28%,Charging
1,10/18/17 18:17,10/18/17 18:17,"2507 W St, Sacramento, CA 95818, USA",38.56053768,-121.4788024,28%,Charging
2,10/19/17 11:16,10/19/17 11:16,"3507 Soda Way, Sacramento, CA 95834, USA",38.63057616,-121.5020543,94%,NotCharging
2,10/19/17 11:16,10/19/17 11:16,"3507 Soda Way, Sacramento, CA 95834, USA",38.63057616,-121.5020543,94%,NotCharging
2,10/19/17 11:20,10/19/17 11:20,"3507 Soda Way, Sacramento, CA 95834, USA",38.63063861,-121.5019173,94%,NotCharging
2,10/19/17 11:44,10/19/17 11:44,"3501 Soda Way, Sacramento, CA 95834, USA",38.63069743,-121.5020283,94%,NotCharging
,,,,,,,
,,,,,,,
,,,,,,,
,,,,,,,
,,,,,,,
,,,,,,,
,,,,,,,
,,,,,,,
,,,,,,,
,,,,,,,
,,,,,,,
,,,,,,,
,,,,,,,
,,,,,,,
"1;"";"";1;0;/;2;1;/;1;7; ;0;1;:;0;1;:;5;5;"";"";S;a;t;u;r;d;a;y;","; ;O;c;t;o;b;e;r; ;2;1; ;a;t; ;0;1;:;0;1;:;5;0; ;(;0;m; ;4;s; ;a;g;o;);"";"";7;4;4;0; ;A;u;b;u;r;n; ;B;l;v;d;",; ;C;i;t;r;u;s; ;H;e;i;g;h;t;s;,; ;C;A; ;9;5;6;1;0;,"; ;U;S;A;"";"";3;8;.;7;0;0;9;2;5;8;3;8;2;"";"";-;1;2;1;.;2;8;9;8;2;1;7;3;3;"";"";3;4;%;"";"";N;o;t;C;h;a;r;g;i;n;g;""",,,
"2""10/21/17;01:01:55""""Saturday",";October;21;at;12:57:33;(4m;22s;ago)""""3500;Soda;Way",;Sacramento,;CA;95834,";USA""""38.6305889519""""-121.501626243""""83%""""NotCharging""",,,
"1;;"";1;0;/;2;1;/;1;7; ;0;1;:;1;3;:;3;9;"";"";S;a;t;u;r;d;a;y;","; ;O;c;t;o;b;e;r; ;2;1; ;a;t; ;0;1;:;1;3;:;2;8; ;(;0;m; ;4;s; ;a;g;o;);"";"";7;4;4;0; ;A;u;b;u;r;n; ;B;l;v;d;",; ;C;i;t;r;u;s; ;H;e;i;g;h;t;s;,; ;C;A; ;9;5;6;1;0;,"; ;U;S;A;"";"";3;8;.;7;0;0;7;4;0;2;8;4;1;"";"";-;1;2;1;.;2;8;9;6;7;1;2;8;"";"";3;4;%;"";"";N;o;t;C;h;a;r;g;i;n;g;""",,,
"2;;"";1;0;/;2;1;/;1;7; ;0;1;:;1;3;:;4;6;"";"";S;a;t;u;r;d;a;y;","; ;O;c;t;o;b;e;r; ;2;1; ;a;t; ;0;1;:;0;7;:;2;5; ;(;6;m; ;1;4;s; ;a;g;o;);"";"";3;5;0;0; ;S;o;d;a; ;W;a;y;",; ;S;a;c;r;a;m;e;n;t;o;,; ;C;A; ;9;5;8;3;4;,"; ;U;S;A;"";"";3;8;.;6;3;0;5;8;9;0;5;1;3;"";"";-;1;2;1;.;5;0;1;6;2;6;3;4;3;"";"";8;3;%;"";"";N;o;t;C;h;a;r;g;i;n;g;""",,,
"2;;"";1;0;/;2;1;/;1;7; ;0;1;:;2;1;:;4;7;"";"";S;a;t;u;r;d;a;y;","; ;O;c;t;o;b;e;r; ;2;1; ;a;t; ;0;1;:;1;7;:;1;7; ;(;4;m; ;2;4;s; ;a;g;o;);"";"";3;5;0;0; ;S;o;d;a; ;W;a;y;",; ;S;a;c;r;a;m;e;n;t;o;,; ;C;A; ;9;5;8;3;4;,"; ;U;S;A;"";"";3;8;.;6;3;0;5;8;8;8;9;8;4;"";"";-;1;2;1;.;5;0;1;6;2;6;1;9;"";"";8;3;%;"";"";N;o;t;C;h;a;r;g;i;n;g;""",,,
"1;;"";1;0;/;2;1;/;1;7; ;0;1;:;2;5;:;2;9;"";"";S;a;t;u;r;d;a;y;","; ;O;c;t;o;b;e;r; ;2;1; ;a;t; ;0;1;:;2;5;:;2;8; ;(;0;m; ;0;s; ;a;g;o;);"";"";7;4;4;0; ;A;u;b;u;r;n; ;B;l;v;d;",; ;C;i;t;r;u;s; ;H;e;i;g;h;t;s;,; ;C;A; ;9;5;6;1;0;,"; ;U;S;A;"";"";3;8;.;7;0;0;7;4;7;0;5;2;2;"";"";-;1;2;1;.;2;8;9;7;1;5;7;0;2;"";"";3;4;%;"";"";N;o;t;C;h;a;r;g;i;n;g;""",,,
"2;;"";1;0;/;2;1;/;1;7; ;0;1;:;2;5;:;2;9;"";"";S;a;t;u;r;d;a;y;","; ;O;c;t;o;b;e;r; ;2;1; ;a;t; ;0;1;:;1;7;:;1;7; ;(;8;m; ;1;2;s; ;a;g;o;);"";"";3;5;0;0; ;S;o;d;a; ;W;a;y;",; ;S;a;c;r;a;m;e;n;t;o;,; ;C;A; ;9;5;8;3;4;,"; ;U;S;A;"";"";3;8;.;6;3;0;5;8;8;8;9;8;4;"";"";-;1;2;1;.;5;0;1;6;2;6;1;9;"";"";8;3;%;"";"";N;o;t;C;h;a;r;g;i;n;g;""",,,
"1;;"";1;0;/;2;1;/;1;7; ;0;1;:;2;7;:;5;2;"";"";S;a;t;u;r;d;a;y;","; ;O;c;t;o;b;e;r; ;2;1; ;a;t; ;0;1;:;2;7;:;5;1; ;(;0;m; ;0;s; ;a;g;o;);"";"";7;4;4;0; ;A;u;b;u;r;n; ;B;l;v;d;",; ;C;i;t;r;u;s; ;H;e;i;g;h;t;s;,; ;C;A; ;9;5;6;1;0;,"; ;U;S;A;"";"";3;8;.;7;0;1;0;5;2;4;4;9;5;"";"";-;1;2;1;.;2;8;9;8;0;4;7;9;8;"";"";3;4;%;"";"";N;o;t;C;h;a;r;g;i;n;g;""",,,
"2;;"";1;0;/;2;1;/;1;7; ;0;1;:;2;7;:;5;2;"";"";S;a;t;u;r;d;a;y;","; ;O;c;t;o;b;e;r; ;2;1; ;a;t; ;0;1;:;2;7;:;0;9; ;(;0;m; ;4;3;s; ;a;g;o;);"";"";3;5;0;0; ;S;o;d;a; ;W;a;y;",; ;S;a;c;r;a;m;e;n;t;o;,; ;C;A; ;9;5;8;3;4;,"; ;U;S;A;"";"";3;8;.;6;3;0;5;8;9;0;1;7;9;"";"";-;1;2;1;.;5;0;1;6;2;6;3;0;9;"";"";8;3;%;"";"";N;o;t;C;h;a;r;g;i;n;g;""",,,
"1;;"";1;0;/;2;1;/;1;7; ;0;1;:;3;1;:;3;3;"";"";S;a;t;u;r;d;a;y;","; ;O;c;t;o;b;e;r; ;2;1; ;a;t; ;0;1;:;3;1;:;2;5; ;(;0;m; ;1;s; ;a;g;o;);"";"";7;5;3;2; ;C;a;r;l;e;t;o;n; ;L;n;",; ;C;i;t;r;u;s; ;H;e;i;g;h;t;s;,; ;C;A; ;9;5;6;1;0;,"; ;U;S;A;"";"";3;8;.;7;0;1;0;3;9;5;3;9;1;"";"";-;1;2;1;.;2;8;9;7;0;5;3;1;8;"";"";3;4;%;"";"";N;o;t;C;h;a;r;g;i;n;g;""",,,
"2;;"";1;0;/;2;1;/;1;7; ;0;1;:;3;1;:;5;4;"";"";S;a;t;u;r;d;a;y;","; ;O;c;t;o;b;e;r; ;2;1; ;a;t; ;0;1;:;2;7;:;0;9; ;(;4;m; ;2;4;s; ;a;g;o;);"";"";3;5;0;0; ;S;o;d;a; ;W;a;y;",; ;S;a;c;r;a;m;e;n;t;o;,; ;C;A; ;9;5;8;3;4;,"; ;U;S;A;"";"";3;8;.;6;3;0;5;8;9;0;1;7;9;"";"";-;1;2;1;.;5;0;1;6;2;6;3;0;9;"";"";8;3;%;"";"";N;o;t;C;h;a;r;g;i;n;g;""",,,
"1;;"";1;0;/;2;1;/;1;7; ;0;1;:;3;4;:;3;0;"";"";S;a;t;u;r;d;a;y;","; ;O;c;t;o;b;e;r; ;2;1; ;a;t; ;0;1;:;3;4;:;2;2; ;(;0;m; ;0;s; ;a;g;o;);"";"";7;5;0;0;-;7;5;4;4; ;C;a;r;l;e;t;o;n; ;L;n;",; ;C;i;t;r;u;s; ;H;e;i;g;h;t;s;,; ;C;A; ;9;5;6;1;0;,"; ;U;S;A;"";"";3;8;.;7;0;1;1;1;7;4;6;2;8;"";"";-;1;2;1;.;2;8;9;9;7;1;3;5;2;"";"";3;1;%;"";"";N;o;t;C;h;a;r;g;i;n;g;""",,,
"2;;"";1;0;/;2;1;/;1;7; ;0;1;:;3;4;:;3;6;"";"";S;a;t;u;r;d;a;y;","; ;O;c;t;o;b;e;r; ;2;1; ;a;t; ;0;1;:;2;7;:;0;9; ;(;7;m; ;2;1;s; ;a;g;o;);"";"";3;5;0;0; ;S;o;d;a; ;W;a;y;",; ;S;a;c;r;a;m;e;n;t;o;,; ;C;A; ;9;5;8;3;4;,"; ;U;S;A;"";"";3;8;.;6;3;0;5;8;9;0;1;7;9;"";"";-;1;2;1;.;5;0;1;6;2;6;3;0;9;"";"";8;3;%;"";"";N;o;t;C;h;a;r;g;i;n;g;""",,,
"1;;"";1;0;/;2;1;/;1;7; ;0;1;:;3;5;:;4;4;"";"";S;a;t;u;r;d;a;y;","; ;O;c;t;o;b;e;r; ;2;1; ;a;t; ;0;1;:;3;5;:;3;5; ;(;0;m; ;2;s; ;a;g;o;);"";"";7;5;0;0;-;7;5;4;4; ;C;a;r;l;e;t;o;n; ;L;n;",; ;C;i;t;r;u;s; ;H;e;i;g;h;t;s;,; ;C;A; ;9;5;6;1;0;,"; ;U;S;A;"";"";3;8;.;7;0;1;1;3;0;0;8;1;8;"";"";-;1;2;1;.;2;8;9;9;4;8;7;4;6;"";"";3;1;%;"";"";N;o;t;C;h;a;r;g;i;n;g;""",,,
"2;;"";1;0;/;2;1;/;1;7; ;0;1;:;3;5;:;5;1;"";"";S;a;t;u;r;d;a;y;","; ;O;c;t;o;b;e;r; ;2;1; ;a;t; ;0;1;:;2;7;:;0;9; ;(;8;m; ;3;5;s; ;a;g;o;);"";"";3;5;0;0; ;S;o;d;a; ;W;a;y;",; ;S;a;c;r;a;m;e;n;t;o;,; ;C;A; ;9;5;8;3;4;,"; ;U;S;A;"";"";3;8;.;6;3;0;5;8;9;0;1;7;9;"";"";-;1;2;1;.;5;0;1;6;2;6;3;0;9;"";"";8;3;%;"";"";N;o;t;C;h;a;r;g;i;n;g;""",,,
"1;;"";1;0;/;2;1;/;1;7; ;0;1;:;3;8;:;1;6;"";"";S;a;t;u;r;d;a;y;","; ;O;c;t;o;b;e;r; ;2;1; ;a;t; ;0;1;:;3;8;:;0;8; ;(;0;m; ;1;s; ;a;g;o;);"";"";7;5;0;1;-;7;5;4;5; ;C;a;r;l;e;t;o;n; ;L;n;",; ;C;i;t;r;u;s; ;H;e;i;g;h;t;s;,; ;C;A; ;9;5;6;1;0;,"; ;U;S;A;"";"";3;8;.;7;0;1;1;4;5;6;8;5;7;"";"";-;1;2;1;.;2;9;0;0;3;3;8;3;9;"";"";3;1;%;"";"";N;o;t;C;h;a;r;g;i;n;g;""",,,
"2;;"";1;0;/;2;1;/;1;7; ;0;1;:;3;8;:;2;4;"";"";S;a;t;u;r;d;a;y;","; ;O;c;t;o;b;e;r; ;2;1; ;a;t; ;0;1;:;3;7;:;0;1; ;(;1;m; ;1;5;s; ;a;g;o;);"";"";3;5;0;0; ;S;o;d;a; ;W;a;y;",; ;S;a;c;r;a;m;e;n;t;o;,; ;C;A; ;9;5;8;3;4;,"; ;U;S;A;"";"";3;8;.;6;3;0;5;8;9;0;0;2;8;"";"";-;1;2;1;.;5;0;1;6;2;6;2;9;4;"";"";8;3;%;"";"";N;o;t;C;h;a;r;g;i;n;g;""",,,
"1;;"";1;0;/;2;1;/;1;7; ;0;1;:;4;4;:;5;8;"";"";S;a;t;u;r;d;a;y;","; ;O;c;t;o;b;e;r; ;2;1; ;a;t; ;0;1;:;4;0;:;2;0; ;(;4;m; ;3;2;s; ;a;g;o;);"";"";7;4;4;0; ;A;u;b;u;r;n; ;B;l;v;d;",; ;C;i;t;r;u;s; ;H;e;i;g;h;t;s;,; ;C;A; ;9;5;6;1;0;,"; ;U;S;A;"";"";3;8;.;7;0;0;9;6;2;5;0;9;1;"";"";-;1;2;1;.;2;9;0;1;5;7;6;8;"";"";3;1;%;"";"";N;o;t;C;h;a;r;g;i;n;g;""",,,
"2;;"";1;0;/;2;1;/;1;7; ;0;1;:;4;5;:;0;5;"";"";S;a;t;u;r;d;a;y;","; ;O;c;t;o;b;e;r; ;2;1; ;a;t; ;0;1;:;3;7;:;0;1; ;(;7;m; ;5;7;s; ;a;g;o;);"";"";3;5;0;0; ;S;o;d;a; ;W;a;y;",; ;S;a;c;r;a;m;e;n;t;o;,; ;C;A; ;9;5;8;3;4;,"; ;U;S;A;"";"";3;8;.;6;3;0;5;8;9;0;0;2;8;"";"";-;1;2;1;.;5;0;1;6;2;6;2;9;4;"";"";8;3;%;"";"";N;o;t;C;h;a;r;g;i;n;g;""",,,
"%;s;;"";%;s;"";"";%;s;"";"";%;s;"";"";%;s;"";"";%;s;"";"";%;s;%;%;"";"";%;s;""",,,,,,,
"1;;"";1;0;/;2;1;/;1;7; ;0;1;:;5;2;:;2;2;"";"";S;a;t;u;r;d;a;y;","; ;O;c;t;o;b;e;r; ;2;1; ;a;t; ;0;1;:;5;1;:;5;7; ;(;0;m; ;1;s; ;a;g;o;);"";"";7;4;4;0; ;A;u;b;u;r;n; ;B;l;v;d;",; ;C;i;t;r;u;s; ;H;e;i;g;h;t;s;,; ;C;A; ;9;5;6;1;0;,"; ;U;S;A;"";"";3;8;.;7;0;0;8;5;8;5;7;3;5;"";"";-;1;2;1;.;2;8;9;9;8;3;5;0;4;"";"";3;1;%;"";"";N;o;t;C;h;a;r;g;i;n;g;""",,,
"2;;"";1;0;/;2;1;/;1;7; ;0;1;:;5;2;:;3;0;"";"";S;a;t;u;r;d;a;y;","; ;O;c;t;o;b;e;r; ;2;1; ;a;t; ;0;1;:;4;6;:;5;4; ;(;5;m; ;2;8;s; ;a;g;o;);"";"";3;5;0;0; ;S;o;d;a; ;W;a;y;",; ;S;a;c;r;a;m;e;n;t;o;,; ;C;A; ;9;5;8;3;4;,"; ;U;S;A;"";"";3;8;.;6;3;0;5;8;8;9;5;1;9;"";"";-;1;2;1;.;5;0;1;6;2;6;2;4;3;"";"";8;3;%;"";"";N;o;t;C;h;a;r;g;i;n;g;""",,,
"1;;"";%;s;"";"";%;s;"";"";%;s;"";"";%;s;"";"";%;s;"";"";%;s;%;%;"";"";%;s;""",,,,,,,
"1;;"";1;0;/;2;1;/;1;7; ;0;2;:;0;1;:;3;8;"";"";S;a;t;u;r;d;a;y;","; ;O;c;t;o;b;e;r; ;2;1; ;a;t; ;0;1;:;5;2;:;5;2; ;(;8;m; ;2;2;s; ;a;g;o;);"";"";7;5;0;0; ;A;u;b;u;r;n; ;B;l;v;d;",; ;C;i;t;r;u;s; ;H;e;i;g;h;t;s;,; ;C;A; ;9;5;6;1;0;,"; ;U;S;A;"";"";3;8;.;7;0;2;2;2;2;4;3;4;8;"";"";-;1;2;1;.;2;9;0;1;9;8;9;1;9;"";"";3;1;%;"";"";N;o;t;C;h;a;r;g;i;n;g;""",,,
"2;;"";1;0;/;2;1;/;1;7; ;0;2;:;0;1;:;4;4;"";"";S;a;t;u;r;d;a;y;","; ;O;c;t;o;b;e;r; ;2;1; ;a;t; ;0;1;:;5;6;:;4;8; ;(;4;m; ;5;0;s; ;a;g;o;);"";"";3;5;0;0; ;S;o;d;a; ;W;a;y;",; ;S;a;c;r;a;m;e;n;t;o;,; ;C;A; ;9;5;8;3;4;,"; ;U;S;A;"";"";3;8;.;6;3;0;5;8;9;0;3;8;1;"";"";-;1;2;1;.;5;0;1;6;2;6;3;2;9;"";"";8;3;%;"";"";N;o;t;C;h;a;r;g;i;n;g;""",,,
"1;;"";1;0;/;2;1;/;1;7; ;0;2;:;0;4;:;2;3;"";"";S;a;t;u;r;d;a;y;","; ;O;c;t;o;b;e;r; ;2;1; ;a;t; ;0;2;:;0;3;:;5;6; ;(;0;m; ;2;s; ;a;g;o;);"";"";4;8;9;2; ;S;u;n;s;e;t; ;T;e;r;r;a;c;e;",; ;F;a;i;r; ;O;a;k;s;,; ;C;A; ;9;5;6;2;8;,"; ;U;S;A;"";"";3;8;.;6;5;3;2;0;1;1;0;7;1;"";"";-;1;2;1;.;2;7;0;0;6;9;7;3;8;"";"";3;1;%;"";"";N;o;t;C;h;a;r;g;i;n;g;""",,,
"2;;"";1;0;/;2;1;/;1;7; ;0;2;:;0;4;:;3;1;"";"";S;a;t;u;r;d;a;y;","; ;O;c;t;o;b;e;r; ;2;1; ;a;t; ;0;1;:;5;6;:;4;8; ;(;7;m; ;3;5;s; ;a;g;o;);"";"";3;5;0;0; ;S;o;d;a; ;W;a;y;",; ;S;a;c;r;a;m;e;n;t;o;,; ;C;A; ;9;5;8;3;4;,"; ;U;S;A;"";"";3;8;.;6;3;0;5;8;9;0;3;8;1;"";"";-;1;2;1;.;5;0;1;6;2;6;3;2;9;"";"";8;3;%;"";"";N;o;t;C;h;a;r;g;i;n;g;""",,,
"1;;"";1;0;/;2;1;/;1;7; ;0;2;:;0;8;:;1;1;"";"";S;a;t;u;r;d;a;y;","; ;O;c;t;o;b;e;r; ;2;1; ;a;t; ;0;2;:;0;5;:;3;6; ;(;2;m; ;2;8;s; ;a;g;o;);"";"";4;8;3;0; ;S;u;n;s;e;t; ;T;e;r;r;a;c;e;",; ;F;a;i;r; ;O;a;k;s;,; ;C;A; ;9;5;6;2;8;,"; ;U;S;A;"";"";3;8;.;6;5;4;3;6;4;5;3;3;8;"";"";-;1;2;1;.;2;7;0;7;8;4;9;2;2;"";"";3;1;%;"";"";N;o;t;C;h;a;r;g;i;n;g;""",,,
"2;;"";1;0;/;2;1;/;1;7; ;0;2;:;0;8;:;1;7;"";"";S;a;t;u;r;d;a;y;","; ;O;c;t;o;b;e;r; ;2;1; ;a;t; ;0;2;:;0;7;:;1;3; ;(;0;m; ;5;8;s; ;a;g;o;);"";"";3;5;0;1; ;S;o;d;a; ;W;a;y;",; ;S;a;c;r;a;m;e;n;t;o;,; ;C;A; ;9;5;8;3;4;,"; ;U;S;A;"";"";3;8;.;6;3;0;6;8;0;6;0;3;5;"";"";-;1;2;1;.;5;0;2;0;0;6;9;4;6;"";"";8;3;%;"";"";N;o;t;C;h;a;r;g;i;n;g;""",,,
"1;;"";1;0;/;2;1;/;1;7; ;0;2;:;0;9;:;3;6;"";"";S;a;t;u;r;d;a;y;","; ;O;c;t;o;b;e;r; ;2;1; ;a;t; ;0;2;:;0;9;:;2;8; ;(;0;m; ;1;s; ;a;g;o;);"";"";4;8;0;0; ;S;u;n;s;e;t; ;T;e;r;r;a;c;e;",; ;F;a;i;r; ;O;a;k;s;,; ;C;A; ;9;5;6;2;8;,"; ;U;S;A;"";"";3;8;.;6;5;4;2;8;2;6;3;6;6;"";"";-;1;2;1;.;2;7;0;4;3;6;6;3;2;"";"";3;1;%;"";"";N;o;t;C;h;a;r;g;i;n;g;""",,,
"2;;"";1;0;/;2;1;/;1;7; ;0;2;:;1;0;:;0;0;"";"";S;a;t;u;r;d;a;y;","; ;O;c;t;o;b;e;r; ;2;1; ;a;t; ;0;2;:;0;7;:;1;3; ;(;2;m; ;2;3;s; ;a;g;o;);"";"";3;5;0;1; ;S;o;d;a; ;W;a;y;",; ;S;a;c;r;a;m;e;n;t;o;,; ;C;A; ;9;5;8;3;4;,"; ;U;S;A;"";"";3;8;.;6;3;0;6;8;0;6;0;3;5;"";"";-;1;2;1;.;5;0;2;0;0;6;9;4;6;"";"";8;3;%;"";"";N;o;t;C;h;a;r;g;i;n;g;""",,,
"1;;"";1;0;/;2;1;/;1;7; ;0;2;:;1;0;:;5;5;"";"";S;a;t;u;r;d;a;y;","; ;O;c;t;o;b;e;r; ;2;1; ;a;t; ;0;2;:;1;0;:;4;7; ;(;0;m; ;0;s; ;a;g;o;);"";"";4;8;0;0; ;S;u;n;s;e;t; ;T;e;r;r;a;c;e;",; ;F;a;i;r; ;O;a;k;s;,; ;C;A; ;9;5;6;2;8;,"; ;U;S;A;"";"";3;8;.;6;5;4;2;8;2;8;7;5;3;"";"";-;1;2;1;.;2;7;0;3;8;1;5;7;1;"";"";3;1;%;"";"";N;o;t;C;h;a;r;g;i;n;g;""",,,
"2;;"";1;0;/;2;1;/;1;7; ;0;2;:;1;1;:;0;3;"";"";S;a;t;u;r;d;a;y;","; ;O;c;t;o;b;e;r; ;2;1; ;a;t; ;0;2;:;0;7;:;1;3; ;(;3;m; ;4;2;s; ;a;g;o;);"";"";3;5;0;1; ;S;o;d;a; ;W;a;y;",; ;S;a;c;r;a;m;e;n;t;o;,; ;C;A; ;9;5;8;3;4;,"; ;U;S;A;"";"";3;8;.;6;3;0;6;8;0;6;0;3;5;"";"";-;1;2;1;.;5;0;2;0;0;6;9;4;6;"";"";8;3;%;"";"";N;o;t;C;h;a;r;g;i;n;g;""",,,
"1;;"";%;s;"";"";%;s;"";"";%;s;"";"";%;s;"";"";%;s;"";"";%;s;%;%;"";"";%;s;""",,,,,,,
"1;;"";1;0;/;2;1;/;1;7; ;0;2;:;1;4;:;2;4;"";"";S;a;t;u;r;d;a;y;","; ;O;c;t;o;b;e;r; ;2;1; ;a;t; ;0;2;:;1;4;:;1;7; ;(;0;m; ;0;s; ;a;g;o;);"";"";4;8;0;0; ;S;u;n;s;e;t; ;T;e;r;r;a;c;e;",; ;F;a;i;r; ;O;a;k;s;,; ;C;A; ;9;5;6;2;8;,"; ;U;S;A;"";"";3;8;.;6;5;4;2;5;6;5;3;6;1;"";"";-;1;2;1;.;2;7;0;4;5;7;6;5;2;"";"";3;1;%;"";"";N;o;t;C;h;a;r;g;i;n;g;""",,,
"2;;"";1;0;/;2;1;/;1;7; ;0;2;:;1;4;:;3;5;"";"";S;a;t;u;r;d;a;y;","; ;O;c;t;o;b;e;r; ;2;1; ;a;t; ;0;2;:;0;7;:;1;3; ;(;7;m; ;1;1;s; ;a;g;o;);"";"";3;5;0;1; ;S;o;d;a; ;W;a;y;",; ;S;a;c;r;a;m;e;n;t;o;,; ;C;A; ;9;5;8;3;4;,"; ;U;S;A;"";"";3;8;.;6;3;0;6;8;0;6;0;3;5;"";"";-;1;2;1;.;5;0;2;0;0;6;9;4;6;"";"";8;3;%;"";"";N;o;t;C;h;a;r;g;i;n;g;""",,,
"%;s;;"";%;s;"";"";%;s;"";"";%;s;"";"";%;s;"";"";%;s;"";"";%;s;%;%;"";"";%;s;""",,,,,,,
"i;P;h;o;n;e; ;S;E;;"";1;0;/;2;1;/;1;7; ;0;2;:;1;9;:;5;2;"";"";S;a;t;u;r;d;a;y;","; ;O;c;t;o;b;e;r; ;2;1; ;a;t; ;0;2;:;1;9;:;5;1; ;(;0;m; ;1;s; ;a;g;o;);"";"";4;8;3;0; ;S;u;n;s;e;t; ;T;e;r;r;a;c;e;",; ;F;a;i;r; ;O;a;k;s;,; ;C;A; ;9;5;6;2;8;,"; ;U;S;A;"";"";3;8;.;6;5;4;2;1;2;9;8;8;9;"";"";-;1;2;1;.;2;7;0;9;2;4;3;9;7;"";"";3;1;%;"";"";N;o;t;C;h;a;r;g;i;n;g;""",,,
"i;P;a;d; ;2;;"";1;0;/;2;1;/;1;7; ;0;2;:;1;9;:;5;2;"";"";S;a;t;u;r;d;a;y;","; ;O;c;t;o;b;e;r; ;2;1; ;a;t; ;0;2;:;1;7;:;0;3; ;(;2;m; ;4;9;s; ;a;g;o;);"";"";3;5;0;0; ;S;o;d;a; ;W;a;y;",; ;S;a;c;r;a;m;e;n;t;o;,; ;C;A; ;9;5;8;3;4;,"; ;U;S;A;"";"";3;8;.;6;3;0;5;8;8;9;5;2;2;"";"";-;1;2;1;.;5;0;1;6;2;6;2;4;5;"";"";8;3;%;"";"";N;o;t;C;h;a;r;g;i;n;g;""",,,
"i;P;h;o;n;e; ;S;E;;"";1;0;/;2;1;/;1;7; ;0;2;:;2;0;:;3;1;"";"";S;a;t;u;r;d;a;y;","; ;O;c;t;o;b;e;r; ;2;1; ;a;t; ;0;2;:;2;0;:;3;1; ;(;0;m; ;0;s; ;a;g;o;);"";"";4;8;3;0; ;S;u;n;s;e;t; ;T;e;r;r;a;c;e;",; ;F;a;i;r; ;O;a;k;s;,; ;C;A; ;9;5;6;2;8;,"; ;U;S;A;"";"";3;8;.;6;5;4;2;1;0;9;7;7;3;"";"";-;1;2;1;.;2;7;0;8;5;8;6;8;3;"";"";3;1;%;"";"";N;o;t;C;h;a;r;g;i;n;g;""",,,
"i;P;a;d; ;2;;"";1;0;/;2;1;/;1;7; ;0;2;:;2;0;:;3;1;"";"";S;a;t;u;r;d;a;y;","; ;O;c;t;o;b;e;r; ;2;1; ;a;t; ;0;2;:;1;7;:;0;3; ;(;3;m; ;2;8;s; ;a;g;o;);"";"";3;5;0;0; ;S;o;d;a; ;W;a;y;",; ;S;a;c;r;a;m;e;n;t;o;,; ;C;A; ;9;5;8;3;4;,"; ;U;S;A;"";"";3;8;.;6;3;0;5;8;8;9;5;2;2;"";"";-;1;2;1;.;5;0;1;6;2;6;2;4;5;"";"";8;3;%;"";"";N;o;t;C;h;a;r;g;i;n;g;""",,,
"i;P;h;o;n;e; ;S;E;;"";1;0;/;2;1;/;1;7; ;0;2;:;2;0;:;4;6;"";"";S;a;t;u;r;d;a;y;","; ;O;c;t;o;b;e;r; ;2;1; ;a;t; ;0;2;:;2;0;:;4;1; ;(;0;m; ;4;s; ;a;g;o;);"";"";4;8;3;0; ;S;u;n;s;e;t; ;T;e;r;r;a;c;e;",; ;F;a;i;r; ;O;a;k;s;,; ;C;A; ;9;5;6;2;8;,"; ;U;S;A;"";"";3;8;.;6;5;4;2;1;0;9;7;7;3;"";"";-;1;2;1;.;2;7;0;8;5;8;6;8;3;"";"";3;1;%;"";"";N;o;t;C;h;a;r;g;i;n;g;""",,,
"i;P;a;d; ;2;;"";1;0;/;2;1;/;1;7; ;0;2;:;2;0;:;4;6;"";"";S;a;t;u;r;d;a;y;","; ;O;c;t;o;b;e;r; ;2;1; ;a;t; ;0;2;:;1;7;:;0;3; ;(;3;m; ;4;3;s; ;a;g;o;);"";"";3;5;0;0; ;S;o;d;a; ;W;a;y;",; ;S;a;c;r;a;m;e;n;t;o;,; ;C;A; ;9;5;8;3;4;,"; ;U;S;A;"";"";3;8;.;6;3;0;5;8;8;9;5;2;2;"";"";-;1;2;1;.;5;0;1;6;2;6;2;4;5;"";"";8;3;%;"";"";N;o;t;C;h;a;r;g;i;n;g;""",,,
"i;P;h;o;n;e; ;S;E;;"";1;0;/;2;1;/;1;7; ;0;2;:;2;2;:;4;6;"";"";S;a;t;u;r;d;a;y;","; ;O;c;t;o;b;e;r; ;2;1; ;a;t; ;0;2;:;2;0;:;5;4; ;(;1;m; ;5;2;s; ;a;g;o;);"";"";4;8;3;0; ;S;u;n;s;e;t; ;T;e;r;r;a;c;e;",; ;F;a;i;r; ;O;a;k;s;,; ;C;A; ;9;5;6;2;8;,"; ;U;S;A;"";"";3;8;.;6;5;4;2;3;0;8;8;4;3;"";"";-;1;2;1;.;2;7;0;7;1;9;2;0;8;"";"";3;1;%;"";"";N;o;t;C;h;a;r;g;i;n;g;""",,,
"i;P;a;d; ;2;;"";1;0;/;2;1;/;1;7; ;0;2;:;2;2;:;4;6;"";"";S;a;t;u;r;d;a;y;","; ;O;c;t;o;b;e;r; ;2;1; ;a;t; ;0;2;:;1;7;:;0;3; ;(;5;m; ;4;3;s; ;a;g;o;);"";"";3;5;0;0; ;S;o;d;a; ;W;a;y;",; ;S;a;c;r;a;m;e;n;t;o;,; ;C;A; ;9;5;8;3;4;,"; ;U;S;A;"";"";3;8;.;6;3;0;5;8;8;9;5;2;2;"";"";-;1;2;1;.;5;0;1;6;2;6;2;4;5;"";"";8;3;%;"";"";N;o;t;C;h;a;r;g;i;n;g;""",,,
"i;P;h;o;n;e; ;S;E;;"";1;0;/;2;1;/;1;7; ;0;2;:;2;5;:;2;3;"";"";S;a;t;u;r;d;a;y;","; ;O;c;t;o;b;e;r; ;2;1; ;a;t; ;0;2;:;2;2;:;5;7; ;(;2;m; ;3;s; ;a;g;o;);"";"";4;8;3;0; ;S;u;n;s;e;t; ;T;e;r;r;a;c;e;",; ;F;a;i;r; ;O;a;k;s;,; ;C;A; ;9;5;6;2;8;,"; ;U;S;A;"";"";3;8;.;6;5;4;4;6;8;3;0;1;7;"";"";-;1;2;1;.;2;7;0;7;1;0;5;7;5;"";"";3;1;%;"";"";N;o;t;C;h;a;r;g;i;n;g;""",,,
"i;P;a;d; ;2;;"";1;0;/;2;1;/;1;7; ;0;2;:;2;5;:;2;9;"";"";S;a;t;u;r;d;a;y;","; ;O;c;t;o;b;e;r; ;2;1; ;a;t; ;0;2;:;1;7;:;0;3; ;(;8;m; ;2;0;s; ;a;g;o;);"";"";3;5;0;0; ;S;o;d;a; ;W;a;y;",; ;S;a;c;r;a;m;e;n;t;o;,; ;C;A; ;9;5;8;3;4;,"; ;U;S;A;"";"";3;8;.;6;3;0;5;8;8;9;5;2;2;"";"";-;1;2;1;.;5;0;1;6;2;6;2;4;5;"";"";8;3;%;"";"";N;o;t;C;h;a;r;g;i;n;g;""",,,
"i;P;h;o;n;e; ;S;E;;"";1;0;/;2;1;/;1;7; ;0;2;:;2;7;:;1;8;"";"";S;a;t;u;r;d;a;y;","; ;O;c;t;o;b;e;r; ;2;1; ;a;t; ;0;2;:;2;7;:;1;0; ;(;0;m; ;1;s; ;a;g;o;);"";"";4;8;3;0; ;S;u;n;s;e;t; ;T;e;r;r;a;c;e;",; ;F;a;i;r; ;O;a;k;s;,; ;C;A; ;9;5;6;2;8;,"; ;U;S;A;"";"";3;8;.;6;5;4;4;4;0;9;7;6;7;"";"";-;1;2;1;.;2;7;0;6;7;8;7;2;3;"";"";3;1;%;"";"";N;o;t;C;h;a;r;g;i;n;g;""",,,
"i;P;a;d; ;2;;"";1;0;/;2;1;/;1;7; ;0;2;:;2;7;:;2;4;"";"";S;a;t;u;r;d;a;y;","; ;O;c;t;o;b;e;r; ;2;1; ;a;t; ;0;2;:;1;7;:;0;3; ;(;1;0;m; ;1;5;s; ;a;g;o;);"";"";3;5;0;0; ;S;o;d;a; ;W;a;y;",; ;S;a;c;r;a;m;e;n;t;o;,; ;C;A; ;9;5;8;3;4;,"; ;U;S;A;"";"";3;8;.;6;3;0;5;8;8;9;5;2;2;"";"";-;1;2;1;.;5;0;1;6;2;6;2;4;5;"";"";0;%;"";"";U;n;k;n;o;w;n;""",,,
"i;P;h;o;n;e; ;S;E;;"";1;0;/;2;1;/;1;7; ;0;2;:;3;5;:;0;9;"";"";S;a;t;u;r;d;a;y;","; ;O;c;t;o;b;e;r; ;2;1; ;a;t; ;0;2;:;3;4;:;4;3; ;(;0;m; ;3;s; ;a;g;o;);"";"";4;8;3;0; ;S;u;n;s;e;t; ;T;e;r;r;a;c;e;",; ;F;a;i;r; ;O;a;k;s;,; ;C;A; ;9;5;6;2;8;,"; ;U;S;A;"";"";3;8;.;6;5;4;3;6;3;8;6;3;2;"";"";-;1;2;1;.;2;7;0;6;8;8;5;3;"";"";3;1;%;"";"";N;o;t;C;h;a;r;g;i;n;g;""",,,
"i;P;a;d; ;2;;"";1;0;/;2;1;/;1;7; ;0;2;:;3;5;:;1;5;"";"";S;a;t;u;r;d;a;y;","; ;O;c;t;o;b;e;r; ;2;1; ;a;t; ;0;2;:;2;7;:;1;5; ;(;7;m; ;5;4;s; ;a;g;o;);"";"";3;5;0;0;-;3;5;2;0; ;S;o;d;a; ;W;a;y;",; ;S;a;c;r;a;m;e;n;t;o;,; ;C;A; ;9;5;8;3;4;,"; ;U;S;A;"";"";3;8;.;6;3;0;7;2;9;9;1;2;2;"";"";-;1;2;1;.;5;0;1;7;5;8;7;4;3;"";"";8;3;%;"";"";N;o;t;C;h;a;r;g;i;n;g;""",,,
"i;P;h;o;n;e; ;S;E;;"";1;0;/;2;1;/;1;7; ;0;2;:;3;7;:;0;7;"";"";S;a;t;u;r;d;a;y;","; ;O;c;t;o;b;e;r; ;2;1; ;a;t; ;0;2;:;3;6;:;2;5; ;(;0;m; ;1;s; ;a;g;o;);"";"";4;8;3;0; ;S;u;n;s;e;t; ;T;e;r;r;a;c;e;",; ;F;a;i;r; ;O;a;k;s;,; ;C;A; ;9;5;6;2;8;,"; ;U;S;A;"";"";3;8;.;6;5;4;3;3;7;1;2;4;9;"";"";-;1;2;1;.;2;7;0;7;4;7;8;7;4;"";"";3;1;%;"";"";N;o;t;C;h;a;r;g;i;n;g;""",,,
"i;P;a;d; ;2;;"";1;0;/;2;1;/;1;7; ;0;2;:;3;7;:;1;3;"";"";S;a;t;u;r;d;a;y;","; ;O;c;t;o;b;e;r; ;2;1; ;a;t; ;0;2;:;2;7;:;1;5; ;(;9;m; ;5;2;s; ;a;g;o;);"";"";3;5;0;0;-;3;5;2;0; ;S;o;d;a; ;W;a;y;",; ;S;a;c;r;a;m;e;n;t;o;,; ;C;A; ;9;5;8;3;4;,"; ;U;S;A;"";"";3;8;.;6;3;0;7;2;9;9;1;2;2;"";"";-;1;2;1;.;5;0;1;7;5;8;7;4;3;"";"";8;3;%;"";"";N;o;t;C;h;a;r;g;i;n;g;""",,,
"i;P;h;o;n;e; ;S;E;;"";1;0;/;2;1;/;1;7; ;0;2;:;4;1;:;5;0;"";"";S;a;t;u;r;d;a;y;","; ;O;c;t;o;b;e;r; ;2;1; ;a;t; ;0;2;:;4;1;:;4;3; ;(;0;m; ;0;s; ;a;g;o;);"";"";4;8;0;0; ;S;u;n;s;e;t; ;T;e;r;r;a;c;e;",; ;F;a;i;r; ;O;a;k;s;,; ;C;A; ;9;5;6;2;8;,"; ;U;S;A;"";"";3;8;.;6;5;4;2;5;6;4;6;7;5;"";"";-;1;2;1;.;2;7;0;4;1;2;6;1;3;"";"";3;0;%;"";"";N;o;t;C;h;a;r;g;i;n;g;""",,,
"i;P;a;d; ;2;;"";1;0;/;2;1;/;1;7; ;0;2;:;4;1;:;5;7;"";"";S;a;t;u;r;d;a;y;","; ;O;c;t;o;b;e;r; ;2;1; ;a;t; ;0;2;:;3;7;:;2;7; ;(;4;m; ;2;3;s; ;a;g;o;);"";"";3;5;0;0; ;S;o;d;a; ;W;a;y;",; ;S;a;c;r;a;m;e;n;t;o;,; ;C;A; ;9;5;8;3;4;,"; ;U;S;A;"";"";3;8;.;6;3;0;6;7;4;4;1;2;"";"";-;1;2;1;.;5;0;1;7;0;6;5;7;7;"";"";8;3;%;"";"";N;o;t;C;h;a;r;g;i;n;g;""",,,
"i;P;h;o;n;e; ;S;E;;"";1;0;/;2;1;/;1;7; ;0;2;:;5;2;:;0;3;"";"";S;a;t;u;r;d;a;y;","; ;O;c;t;o;b;e;r; ;2;1; ;a;t; ;0;2;:;4;2;:;1;7; ;(;9;m; ;3;9;s; ;a;g;o;);"";"";4;8;3;0; ;S;u;n;s;e;t; ;T;e;r;r;a;c;e;",; ;F;a;i;r; ;O;a;k;s;,; ;C;A; ;9;5;6;2;8;,"; ;U;S;A;"";"";3;8;.;6;5;4;4;3;5;2;3;5;1;"";"";-;1;2;1;.;2;7;0;7;4;5;2;7;6;"";"";3;0;%;"";"";N;o;t;C;h;a;r;g;i;n;g;""",,,
"i;P;a;d; ;2;;"";1;0;/;2;1;/;1;7; ;0;2;:;5;2;:;0;9;"";"";S;a;t;u;r;d;a;y;","; ;O;c;t;o;b;e;r; ;2;1; ;a;t; ;0;2;:;4;7;:;2;7; ;(;4;m; ;3;6;s; ;a;g;o;);"";"";3;5;0;0; ;S;o;d;a; ;W;a;y;",; ;S;a;c;r;a;m;e;n;t;o;,; ;C;A; ;9;5;8;3;4;,"; ;U;S;A;"";"";3;8;.;6;3;0;5;8;9;0;7;5;3;"";"";-;1;2;1;.;5;0;1;6;2;6;3;6;7;"";"";8;3;%;"";"";N;o;t;C;h;a;r;g;i;n;g;""",,,
"i;P;h;o;n;e; ;S;E;;"";1;0;/;2;1;/;1;7; ;0;2;:;5;3;:;4;9;"";"";S;a;t;u;r;d;a;y;","; ;O;c;t;o;b;e;r; ;2;1; ;a;t; ;0;2;:;5;2;:;0;0; ;(;1;m; ;4;3;s; ;a;g;o;);"";"";4;8;3;0; ;S;u;n;s;e;t; ;T;e;r;r;a;c;e;",; ;F;a;i;r; ;O;a;k;s;,; ;C;A; ;9;5;6;2;8;,"; ;U;S;A;"";"";3;8;.;6;5;4;3;9;1;0;2;0;6;"";"";-;1;2;1;.;2;7;1;0;0;1;3;4;3;"";"";3;0;%;"";"";N;o;t;C;h;a;r;g;i;n;g;""",,,
"i;P;a;d; ;2;;"";1;0;/;2;1;/;1;7; ;0;2;:;5;3;:;5;9;"";"";S;a;t;u;r;d;a;y;","; ;O;c;t;o;b;e;r; ;2;1; ;a;t; ;0;2;:;4;7;:;2;7; ;(;6;m; ;2;2;s; ;a;g;o;);"";"";3;5;0;0; ;S;o;d;a; ;W;a;y;",; ;S;a;c;r;a;m;e;n;t;o;,; ;C;A; ;9;5;8;3;4;,"; ;U;S;A;"";"";3;8;.;6;3;0;5;8;9;0;7;5;3;"";"";-;1;2;1;.;5;0;1;6;2;6;3;6;7;"";"";8;3;%;"";"";N;o;t;C;h;a;r;g;i;n;g;""",,,
"i;P;h;o;n;e; ;S;E;;"";1;0;/;2;1;/;1;7; ;0;3;:;0;7;:;2;4;"";"";S;a;t;u;r;d;a;y;","; ;O;c;t;o;b;e;r; ;2;1; ;a;t; ;0;3;:;0;7;:;0;1; ;(;0;m; ;1;s; ;a;g;o;);"";"";4;8;3;0; ;S;u;n;s;e;t; ;T;e;r;r;a;c;e;",; ;F;a;i;r; ;O;a;k;s;,; ;C;A; ;9;5;6;2;8;,"; ;U;S;A;"";"";3;8;.;6;5;4;2;5;5;4;0;1;4;"";"";-;1;2;1;.;2;7;0;6;5;3;9;1;3;"";"";3;0;%;"";"";N;o;t;C;h;a;r;g;i;n;g;""",,,
"i;P;a;d; ;2;;"";1;0;/;2;1;/;1;7; ;0;3;:;0;7;:;3;1;"";"";S;a;t;u;r;d;a;y;","; ;O;c;t;o;b;e;r; ;2;1; ;a;t; ;0;2;:;5;7;:;1;9; ;(;1;0;m; ;5;s; ;a;g;o;);"";"";3;5;0;0; ;S;o;d;a; ;W;a;y;",; ;S;a;c;r;a;m;e;n;t;o;,; ;C;A; ;9;5;8;3;4;,"; ;U;S;A;"";"";3;8;.;6;3;0;5;8;9;2;4;8;7;"";"";-;1;2;1;.;5;0;1;6;2;6;5;4;"";"";8;3;%;"";"";N;o;t;C;h;a;r;g;i;n;g;""",,,
"i;P;h;o;n;e; ;S;E;;"";1;0;/;2;1;/;1;7; ;0;3;:;1;6;:;1;4;"";"";S;a;t;u;r;d;a;y;","; ;O;c;t;o;b;e;r; ;2;1; ;a;t; ;0;3;:;1;6;:;0;8; ;(;0;m; ;0;s; ;a;g;o;);"";"";4;8;0;0; ;S;u;n;s;e;t; ;T;e;r;r;a;c;e;",; ;F;a;i;r; ;O;a;k;s;,; ;C;A; ;9;5;6;2;8;,"; ;U;S;A;"";"";3;8;.;6;5;4;2;3;8;5;9;3;2;"";"";-;1;2;1;.;2;7;0;4;8;1;9;3;"";"";3;0;%;"";"";N;o;t;C;h;a;r;g;i;n;g;""",,,
"i;P;a;d; ;2;;"";1;0;/;2;1;/;1;7; ;0;3;:;1;6;:;2;0;"";"";S;a;t;u;r;d;a;y;","; ;O;c;t;o;b;e;r; ;2;1; ;a;t; ;0;3;:;0;7;:;1;1; ;(;9;m; ;3;s; ;a;g;o;);"";"";3;5;0;0; ;S;o;d;a; ;W;a;y;",; ;S;a;c;r;a;m;e;n;t;o;,; ;C;A; ;9;5;8;3;4;,"; ;U;S;A;"";"";3;8;.;6;3;0;5;8;8;8;9;8;4;"";"";-;1;2;1;.;5;0;1;6;2;6;1;9;"";"";8;3;%;"";"";N;o;t;C;h;a;r;g;i;n;g;""",,,
"i;P;h;o;n;e; ;S;E;;"";1;0;/;2;1;/;1;7; ;0;3;:;2;2;:;1;4;"";"";S;a;t;u;r;d;a;y;","; ;O;c;t;o;b;e;r; ;2;1; ;a;t; ;0;3;:;2;2;:;0;7; ;(;0;m; ;0;s; ;a;g;o;);"";"";4;8;3;0; ;S;u;n;s;e;t; ;T;e;r;r;a;c;e;",; ;F;a;i;r; ;O;a;k;s;,; ;C;A; ;9;5;6;2;8;,"; ;U;S;A;"";"";3;8;.;6;5;4;2;7;3;5;9;0;1;"";"";-;1;2;1;.;2;7;0;7;4;2;1;7;4;"";"";2;8;%;"";"";N;o;t;C;h;a;r;g;i;n;g;""",,,
"i;P;a;d; ;2;;"";1;0;/;2;1;/;1;7; ;0;3;:;2;2;:;2;2;"";"";S;a;t;u;r;d;a;y;","; ;O;c;t;o;b;e;r; ;2;1; ;a;t; ;0;3;:;1;7;:;0;4; ;(;5;m; ;1;0;s; ;a;g;o;);"";"";3;5;0;0; ;S;o;d;a; ;W;a;y;",; ;S;a;c;r;a;m;e;n;t;o;,; ;C;A; ;9;5;8;3;4;,"; ;U;S;A;"";"";3;8;.;6;3;0;5;8;9;2;0;0;1;"";"";-;1;2;1;.;5;0;1;6;2;6;4;9;1;"";"";8;3;%;"";"";N;o;t;C;h;a;r;g;i;n;g;""",,,
"i;P;h;o;n;e; ;S;E;;"";1;0;/;2;1;/;1;7; ;0;3;:;2;5;:;4;7;"";"";S;a;t;u;r;d;a;y;","; ;O;c;t;o;b;e;r; ;2;1; ;a;t; ;0;3;:;2;5;:;4;6; ;(;0;m; ;1;s; ;a;g;o;);"";"";4;8;0;0; ;S;u;n;s;e;t; ;T;e;r;r;a;c;e;",; ;F;a;i;r; ;O;a;k;s;,; ;C;A; ;9;5;6;2;8;,"; ;U;S;A;"";"";3;8;.;6;5;4;2;8;0;0;0;2;"";"";-;1;2;1;.;2;7;0;4;7;2;1;9;4;"";"";2;8;%;"";"";N;o;t;C;h;a;r;g;i;n;g;""",,,
"i;P;a;d; ;2;;"";1;0;/;2;1;/;1;7; ;0;3;:;2;5;:;4;7;"";"";S;a;t;u;r;d;a;y;","; ;O;c;t;o;b;e;r; ;2;1; ;a;t; ;0;3;:;1;7;:;0;4; ;(;8;m; ;4;3;s; ;a;g;o;);"";"";3;5;0;0; ;S;o;d;a; ;W;a;y;",; ;S;a;c;r;a;m;e;n;t;o;,; ;C;A; ;9;5;8;3;4;,"; ;U;S;A;"";"";3;8;.;6;3;0;5;8;9;2;0;0;1;"";"";-;1;2;1;.;5;0;1;6;2;6;4;9;1;"";"";8;3;%;"";"";N;o;t;C;h;a;r;g;i;n;g;""",,,
"i;P;h;o;n;e; ;S;E;;"";1;0;/;2;1;/;1;7; ;0;3;:;2;9;:;0;0;"";"";S;a;t;u;r;d;a;y;","; ;O;c;t;o;b;e;r; ;2;1; ;a;t; ;0;3;:;2;8;:;5;9; ;(;0;m; ;1;s; ;a;g;o;);"";"";4;8;0;0; ;S;u;n;s;e;t; ;T;e;r;r;a;c;e;",; ;F;a;i;r; ;O;a;k;s;,; ;C;A; ;9;5;6;2;8;,"; ;U;S;A;"";"";3;8;.;6;5;4;2;3;2;0;5;0;5;"";"";-;1;2;1;.;2;7;0;4;7;2;5;8;6;"";"";2;8;%;"";"";N;o;t;C;h;a;r;g;i;n;g;""",,,
"i;P;a;d; ;2;;"";1;0;/;2;1;/;1;7; ;0;3;:;2;9;:;0;0;"";"";S;a;t;u;r;d;a;y;","; ;O;c;t;o;b;e;r; ;2;1; ;a;t; ;0;3;:;2;6;:;5;7; ;(;2;m; ;3;s; ;a;g;o;);"";"";3;5;0;0; ;S;o;d;a; ;W;a;y;",; ;S;a;c;r;a;m;e;n;t;o;,; ;C;A; ;9;5;8;3;4;,"; ;U;S;A;"";"";3;8;.;6;3;0;5;8;8;9;5;6;6;"";"";-;1;2;1;.;5;0;1;6;2;6;2;4;8;"";"";8;3;%;"";"";N;o;t;C;h;a;r;g;i;n;g;""",,,
"i;P;h;o;n;e; ;S;E;;"";1;0;/;2;1;/;1;7; ;0;4;:;0;0;:;4;1;"";"";S;a;t;u;r;d;a;y;","; ;O;c;t;o;b;e;r; ;2;1; ;a;t; ;0;4;:;0;0;:;2;5; ;(;0;m; ;0;s; ;a;g;o;);"";"";4;8;0;0; ;S;u;n;s;e;t; ;T;e;r;r;a;c;e;",; ;F;a;i;r; ;O;a;k;s;,; ;C;A; ;9;5;6;2;8;,"; ;U;S;A;"";"";3;8;.;6;5;4;3;0;1;5;2;1;2;"";"";-;1;2;1;.;2;7;0;4;8;9;4;6;2;"";"";2;8;%;"";"";N;o;t;C;h;a;r;g;i;n;g;""",,,
"i;P;a;d; ;2;;"";1;0;/;2;1;/;1;7; ;0;4;:;0;0;:;4;9;"";"";S;a;t;u;r;d;a;y;","; ;O;c;t;o;b;e;r; ;2;1; ;a;t; ;0;3;:;3;6;:;4;9; ;(;2;3;m; ;5;2;s; ;a;g;o;);"";"";3;5;0;0; ;S;o;d;a; ;W;a;y;",; ;S;a;c;r;a;m;e;n;t;o;,; ;C;A; ;9;5;8;3;4;,"; ;U;S;A;"";"";3;8;.;6;3;0;5;8;8;9;8;7;1;"";"";-;1;2;1;.;5;0;1;6;2;6;2;7;8;"";"";0;%;"";"";U;n;k;n;o;w;n;""",,,
"i;P;h;o;n;e; ;S;E;;"";1;0;/;2;1;/;1;7; ;0;4;:;2;9;:;1;3;"";"";S;a;t;u;r;d;a;y;","; ;O;c;t;o;b;e;r; ;2;1; ;a;t; ;0;4;:;0;0;:;3;7; ;(;2;8;m; ;3;6;s; ;a;g;o;);"";"";4;8;0;0; ;S;u;n;s;e;t; ;T;e;r;r;a;c;e;",; ;F;a;i;r; ;O;a;k;s;,; ;C;A; ;9;5;6;2;8;,"; ;U;S;A;"";"";3;8;.;6;5;4;2;1;0;1;8;1;"";"";-;1;2;1;.;2;7;0;4;8;5;2;6;9;"";"";2;8;%;"";"";N;o;t;C;h;a;r;g;i;n;g;""",,,
"i;P;a;d; ;2;;"";1;0;/;2;1;/;1;7; ;0;4;:;2;9;:;1;4;"";"";S;a;t;u;r;d;a;y;","; ;O;c;t;o;b;e;r; ;2;1; ;a;t; ;0;4;:;1;6;:;5;5; ;(;1;2;m; ;1;8;s; ;a;g;o;);"";"";3;5;0;0; ;S;o;d;a; ;W;a;y;",; ;S;a;c;r;a;m;e;n;t;o;,; ;C;A; ;9;5;8;3;4;,"; ;U;S;A;"";"";3;8;.;6;3;0;5;8;8;9;6;1;"";"";-;1;2;1;.;5;0;1;6;2;6;2;5;2;"";"";0;%;"";"";U;n;k;n;o;w;n;""",,,
"i;P;h;o;n;e; ;S;E;;"";1;0;/;2;1;/;1;7; ;0;4;:;3;0;:;4;7;"";"";S;a;t;u;r;d;a;y;","; ;O;c;t;o;b;e;r; ;2;1; ;a;t; ;0;4;:;3;0;:;3;2; ;(;0;m; ;1;5;s; ;a;g;o;);"";"";4;8;3;0; ;S;u;n;s;e;t; ;T;e;r;r;a;c;e;",; ;F;a;i;r; ;O;a;k;s;,; ;C;A; ;9;5;6;2;8;,"; ;U;S;A;"";"";3;8;.;6;5;4;3;2;2;2;8;9;"";"";-;1;2;1;.;2;7;0;6;6;5;4;8;"";"";2;8;%;"";"";N;o;t;C;h;a;r;g;i;n;g;""",,,
"i;P;h;o;n;e; ;S;E;;"";1;0;/;2;1;/;1;7; ;0;4;:;3;2;:;1;9;"";"";S;a;t;u;r;d;a;y;","; ;O;c;t;o;b;e;r; ;2;1; ;a;t; ;0;4;:;3;2;:;0;4; ;(;0;m; ;1;5;s; ;a;g;o;);"";"";4;8;0;0; ;S;u;n;s;e;t; ;T;e;r;r;a;c;e;",; ;F;a;i;r; ;O;a;k;s;,; ;C;A; ;9;5;6;2;8;,"; ;U;S;A;"";"";3;8;.;6;5;4;2;5;6;8;2;0;8;"";"";-;1;2;1;.;2;7;0;4;6;6;8;7;4;"";"";2;8;%;"";"";N;o;t;C;h;a;r;g;i;n;g;""",,,
"i;P;a;d; ;2;;"";1;0;/;2;1;/;1;7; ;0;4;:;3;2;:;2;0;"";"";S;a;t;u;r;d;a;y;","; ;O;c;t;o;b;e;r; ;2;1; ;a;t; ;0;4;:;1;6;:;5;5; ;(;1;5;m; ;2;4;s; ;a;g;o;);"";"";3;5;0;0; ;S;o;d;a; ;W;a;y;",; ;S;a;c;r;a;m;e;n;t;o;,; ;C;A; ;9;5;8;3;4;,"; ;U;S;A;"";"";3;8;.;6;3;0;5;8;8;9;6;1;"";"";-;1;2;1;.;5;0;1;6;2;6;2;5;2;"";"";0;%;"";"";U;n;k;n;o;w;n;""",,,
"i;P;h;o;n;e; ;S;E;;"";1;0;/;2;1;/;1;7; ;0;4;:;3;2;:;5;0;"";"";S;a;t;u;r;d;a;y;","; ;O;c;t;o;b;e;r; ;2;1; ;a;t; ;0;4;:;3;2;:;0;7; ;(;0;m; ;4;3;s; ;a;g;o;);"";"";4;8;3;0; ;S;u;n;s;e;t; ;T;e;r;r;a;c;e;",; ;F;a;i;r; ;O;a;k;s;,; ;C;A; ;9;5;6;2;8;,"; ;U;S;A;"";"";3;8;.;6;5;4;3;9;1;2;7;2;"";"";-;1;2;1;.;2;7;0;7;2;6;3;3;3;"";"";2;8;%;"";"";N;o;t;C;h;a;r;g;i;n;g;""",,,
"i;P;a;d; ;2;;"";1;0;/;2;1;/;1;7; ;0;4;:;3;2;:;5;0;"";"";S;a;t;u;r;d;a;y;","; ;O;c;t;o;b;e;r; ;2;1; ;a;t; ;0;4;:;1;6;:;5;5; ;(;1;5;m; ;5;5;s; ;a;g;o;);"";"";3;5;0;0; ;S;o;d;a; ;W;a;y;",; ;S;a;c;r;a;m;e;n;t;o;,; ;C;A; ;9;5;8;3;4;,"; ;U;S;A;"";"";3;8;.;6;3;0;5;8;8;9;6;1;"";"";-;1;2;1;.;5;0;1;6;2;6;2;5;2;"";"";0;%;"";"";U;n;k;n;o;w;n;""",,,
"i;P;h;o;n;e; ;S;E;;"";1;0;/;2;1;/;1;7; ;0;4;:;5;7;:;5;3;"";"";S;a;t;u;r;d;a;y;","; ;O;c;t;o;b;e;r; ;2;1; ;a;t; ;0;4;:;5;7;:;5;1; ;(;0;m; ;2;s; ;a;g;o;);"";"";4;8;0;0; ;S;u;n;s;e;t; ;T;e;r;r;a;c;e;",; ;F;a;i;r; ;O;a;k;s;,; ;C;A; ;9;5;6;2;8;,"; ;U;S;A;"";"";3;8;.;6;5;4;2;8;0;9;1;5;8;"";"";-;1;2;1;.;2;7;0;4;3;6;3;6;7;"";"";2;8;%;"";"";N;o;t;C;h;a;r;g;i;n;g;""",,,
"i;P;h;o;n;e; ;S;E;;"";1;0;/;2;1;/;1;7; ;0;4;:;5;8;:;4;9;"";"";S;a;t;u;r;d;a;y;","; ;O;c;t;o;b;e;r; ;2;1; ;a;t; ;0;4;:;5;7;:;5;6; ;(;0;m; ;5;3;s; ;a;g;o;);"";"";4;8;3;0; ;S;u;n;s;e;t; ;T;e;r;r;a;c;e;",; ;F;a;i;r; ;O;a;k;s;,; ;C;A; ;9;5;6;2;8;,"; ;U;S;A;"";"";3;8;.;6;5;4;2;5;9;6;7;6;1;"";"";-;1;2;1;.;2;7;0;8;4;3;1;7;6;"";"";2;8;%;"";"";N;o;t;C;h;a;r;g;i;n;g;""",,,
"i;P;a;d; ;2;;"";1;0;/;2;1;/;1;7; ;0;4;:;5;8;:;5;0;"";"";S;a;t;u;r;d;a;y;","; ;O;c;t;o;b;e;r; ;2;1; ;a;t; ;0;4;:;3;6;:;4;2; ;(;2;2;m; ;7;s; ;a;g;o;);"";"";3;5;0;0; ;S;o;d;a; ;W;a;y;",; ;S;a;c;r;a;m;e;n;t;o;,; ;C;A; ;9;5;8;3;4;,"; ;U;S;A;"";"";3;8;.;6;3;0;5;8;9;1;2;3;9;"";"";-;1;2;1;.;5;0;1;6;2;6;4;1;5;"";"";0;%;"";"";U;n;k;n;o;w;n;""",,,
"i;P;h;o;n;e; ;S;E;;"";1;0;/;2;1;/;1;7; ;0;4;:;5;9;:;2;0;"";"";S;a;t;u;r;d;a;y;","; ;O;c;t;o;b;e;r; ;2;1; ;a;t; ;0;4;:;5;8;:;5;1; ;(;0;m; ;2;8;s; ;a;g;o;);"";"";4;8;3;0; ;S;u;n;s;e;t; ;T;e;r;r;a;c;e;",; ;F;a;i;r; ;O;a;k;s;,; ;C;A; ;9;5;6;2;8;,"; ;U;S;A;"";"";3;8;.;6;5;4;2;6;4;2;4;4;3;"";"";-;1;2;1;.;2;7;0;6;4;3;1;8;4;"";"";2;8;%;"";"";N;o;t;C;h;a;r;g;i;n;g;""",,,
"i;P;a;d; ;2;;"";1;0;/;2;1;/;1;7; ;0;4;:;5;9;:;2;0;"";"";S;a;t;u;r;d;a;y;","; ;O;c;t;o;b;e;r; ;2;1; ;a;t; ;0;4;:;3;6;:;4;2; ;(;2;2;m; ;3;8;s; ;a;g;o;);"";"";3;5;0;0; ;S;o;d;a; ;W;a;y;",; ;S;a;c;r;a;m;e;n;t;o;,; ;C;A; ;9;5;8;3;4;,"; ;U;S;A;"";"";3;8;.;6;3;0;5;8;9;1;2;3;9;"";"";-;1;2;1;.;5;0;1;6;2;6;4;1;5;"";"";0;%;"";"";U;n;k;n;o;w;n;""",,,
"i;P;h;o;n;e; ;S;E;;"";1;0;/;2;1;/;1;7; ;0;5;:;3;9;:;2;0;"";"";S;a;t;u;r;d;a;y;","; ;O;c;t;o;b;e;r; ;2;1; ;a;t; ;0;5;:;3;9;:;1;9; ;(;0;m; ;1;s; ;a;g;o;);"";"";4;8;3;0; ;S;u;n;s;e;t; ;T;e;r;r;a;c;e;",; ;F;a;i;r; ;O;a;k;s;,; ;C;A; ;9;5;6;2;8;,"; ;U;S;A;"";"";3;8;.;6;5;4;4;2;9;5;3;5;4;"";"";-;1;2;1;.;2;7;0;6;9;2;6;3;7;"";"";2;7;%;"";"";N;o;t;C;h;a;r;g;i;n;g;""",,,
"i;P;a;d; ;2;;"";1;0;/;2;1;/;1;7; ;0;5;:;3;9;:;2;1;"";"";S;a;t;u;r;d;a;y;","; ;O;c;t;o;b;e;r; ;2;1; ;a;t; ;0;5;:;1;1;:;2;3; ;(;2;7;m; ;5;7;s; ;a;g;o;);"";"";3;5;0;0; ;S;o;d;a; ;W;a;y;",; ;S;a;c;r;a;m;e;n;t;o;,; ;C;A; ;9;5;8;3;4;,"; ;U;S;A;"";"";3;8;.;6;3;0;5;8;9;2;3;9;5;"";"";-;1;2;1;.;5;0;1;6;2;6;5;3;1;"";"";0;%;"";"";U;n;k;n;o;w;n;""",,,
"i;P;h;o;n;e; ;S;E;;"";1;0;/;2;1;/;1;7; ;0;5;:;3;9;:;4;6;"";"";S;a;t;u;r;d;a;y;","; ;O;c;t;o;b;e;r; ;2;1; ;a;t; ;0;5;:;3;9;:;4;5; ;(;0;m; ;1;s; ;a;g;o;);"";"";4;8;3;0; ;S;u;n;s;e;t; ;T;e;r;r;a;c;e;",; ;F;a;i;r; ;O;a;k;s;,; ;C;A; ;9;5;6;2;8;,"; ;U;S;A;"";"";3;8;.;6;5;4;3;0;1;9;6;2;9;"";"";-;1;2;1;.;2;7;0;6;6;0;9;5;4;"";"";2;7;%;"";"";N;o;t;C;h;a;r;g;i;n;g;""",,,
"i;P;h;o;n;e; ;S;E;;"";1;0;/;2;1;/;1;7; ;0;5;:;5;4;:;4;6;"";"";S;a;t;u;r;d;a;y;","; ;O;c;t;o;b;e;r; ;2;1; ;a;t; ;0;5;:;5;4;:;4;4; ;(;0;m; ;1;s; ;a;g;o;);"";"";4;8;0;0; ;S;u;n;s;e;t; ;T;e;r;r;a;c;e;",; ;F;a;i;r; ;O;a;k;s;,; ;C;A; ;9;5;6;2;8;,"; ;U;S;A;"";"";3;8;.;6;5;4;2;6;1;1;7;8;9;"";"";-;1;2;1;.;2;7;0;4;4;8;9;7;4;"";"";2;7;%;"";"";N;o;t;C;h;a;r;g;i;n;g;""",,,
"i;P;a;d; ;2;;"";1;0;/;2;1;/;1;7; ;0;5;:;5;4;:;4;7;"";"";S;a;t;u;r;d;a;y;","; ;O;c;t;o;b;e;r; ;2;1; ;a;t; ;0;5;:;4;2;:;4;9; ;(;1;1;m; ;5;7;s; ;a;g;o;);"";"";3;5;0;0; ;S;o;d;a; ;W;a;y;",; ;S;a;c;r;a;m;e;n;t;o;,; ;C;A; ;9;5;8;3;4;,"; ;U;S;A;"";"";3;8;.;6;3;0;5;8;9;1;2;3;9;"";"";-;1;2;1;.;5;0;1;6;2;6;4;1;5;"";"";0;%;"";"";U;n;k;n;o;w;n;""",,,
"[;u;';i;P;h;o;n;e; ;S;E;;"";1;0;/;2;1;/;1;7; ;0;5;:;5;8;:;4;5;"";"";S;a;t;u;r;d;a;y;","; ;O;c;t;o;b;e;r; ;2;1; ;a;t; ;0;5;:;5;8;:;4;4; ;(;0;m; ;1;s; ;a;g;o;);"";"";4;8;3;0; ;S;u;n;s;e;t; ;T;e;r;r;a;c;e;",; ;F;a;i;r; ;O;a;k;s;,; ;C;A; ;9;5;6;2;8;,"; ;U;S;A;"";"";3;8;.;6;5;4;2;9;7;6;4;6;2;"";"";-;1;2;1;.;2;7;0;8;0;2;6;0;8;"";"";2;7;%;"";"";N;o;t;C;h;a;r;g;i;n;g;\;n;';]",,,
"[;u;';i;P;a;d; ;2;"";"";1;0;/;2;1;/;1;7; ;0;5;:;5;8;:;4;5;"";"";S;a;t;u;r;d;a;y;","; ;O;c;t;o;b;e;r; ;2;1; ;a;t; ;0;5;:;4;2;:;4;9; ;(;1;5;m; ;5;6;s; ;a;g;o;);"";"";3;5;0;0; ;S;o;d;a; ;W;a;y;",; ;S;a;c;r;a;m;e;n;t;o;,; ;C;A; ;9;5;8;3;4;,"; ;U;S;A;"";"";3;8;.;6;3;0;5;8;9;1;2;3;9;"";"";-;1;2;1;.;5;0;1;6;2;6;4;1;5;"";"";0;%;"";"";U;n;k;n;o;w;n;\;n;';]",,,
"[;u;';i;P;h;o;n;e; ;S;E;"";"";1;0;/;2;1;/;1;7; ;0;5;:;5;9;:;1;4;"";"";S;a;t;u;r;d;a;y;","; ;O;c;t;o;b;e;r; ;2;1; ;a;t; ;0;5;:;5;9;:;1;0; ;(;0;m; ;4;s; ;a;g;o;);"";"";4;8;3;0; ;S;u;n;s;e;t; ;T;e;r;r;a;c;e;",; ;F;a;i;r; ;O;a;k;s;,; ;C;A; ;9;5;6;2;8;,"; ;U;S;A;"";"";3;8;.;6;5;4;2;0;8;0;8;5;5;"";"";-;1;2;1;.;2;7;0;6;3;2;2;0;4;"";"";2;7;%;"";"";N;o;t;C;h;a;r;g;i;n;g;\;n;';]",,,
"[;u;';i;P;a;d; ;2;"";"";1;0;/;2;1;/;1;7; ;0;5;:;5;9;:;1;4;"";"";S;a;t;u;r;d;a;y;","; ;O;c;t;o;b;e;r; ;2;1; ;a;t; ;0;5;:;4;2;:;4;9; ;(;1;6;m; ;2;5;s; ;a;g;o;);"";"";3;5;0;0; ;S;o;d;a; ;W;a;y;",; ;S;a;c;r;a;m;e;n;t;o;,; ;C;A; ;9;5;8;3;4;,"; ;U;S;A;"";"";3;8;.;6;3;0;5;8;9;1;2;3;9;"";"";-;1;2;1;.;5;0;1;6;2;6;4;1;5;"";"";0;%;"";"";U;n;k;n;o;w;n;\;n;';]",,,
iPad 2,10/21/17 6:20,"Saturday, October 21 at 06:12:41 (7m 28s ago)","3500 Soda Way, Sacramento, CA 95834, USA",38.63058924,-121.5016265,82%,NotCharging
iPhone SE,10/21/17 6:23,"Saturday, October 21 at 06:23:04 (0m 1s ago)","4800 Sunset Terrace, Fair Oaks, CA 95628, USA",38.65426904,-121.2704636,25%,NotCharging
iPad 2,10/21/17 6:23,"Saturday, October 21 at 06:12:41 (10m 24s ago)","3500 Soda Way, Sacramento, CA 95834, USA",38.63058924,-121.5016265,0%,Unknown
iPhone SE,10/21/17 7:03,"Saturday, October 21 at 07:02:55",,38.65445766,-121.2704973,%,NotCharging
iPad 2,10/21/17 7:03,"Saturday, October 21 at 07:02:16",,38.63060053,-121.5016999,%,NotCharging
iPhone SE,10/21/17 7:03,"Saturday, October 21 at 07:03:02",,38.65434714,-121.2705145,%,NotCharging
iPad 2,10/21/17 7:03,"Saturday, October 21 at 07:02:16",,38.63060053,-121.5016999,%,NotCharging
iPhone SE,10/21/17 7:07,"Saturday, October 21 at 07:06:49",,38.65403471,-121.2708219,25%,NotCharging
iPad 2,10/21/17 7:07,"Saturday, October 21 at 07:02:16",,38.63060053,-121.5016999,82%,NotCharging
iPhone SE,10/21/17 7:08,"Saturday, October 21 at 07:08:29 (0m 15s ago)","4800 Sunset Terrace, Fair Oaks, CA 95628, USA",38.65428982,-121.2704913,25%,NotCharging
iPad 2,10/21/17 7:08,"Saturday, October 21 at 07:02:16 (6m 28s ago)","3500 Soda Way, Sacramento, CA 95834, USA",38.63060053,-121.5016999,82%,NotCharging
iPhone SE,10/21/17 7:09,"Saturday, October 21 at 07:08:50 (0m 17s ago)","4800 Sunset Terrace, Fair Oaks, CA 95628, USA",38.6542385,-121.2704626,25%,NotCharging
iPhone SE,10/21/17 7:35,"Saturday, October 21 at 07:35:43 (0m 15s ago)","4828-4898 Sunset Terrace, Fair Oaks, CA 95628, USA",38.65403877,-121.270519,23%,NotCharging
iPad 2,10/21/17 7:35,"Saturday, October 21 at 07:17:02 (18m 56s ago)","3480-3500 Soda Way, Sacramento, CA 95834, USA",38.63061316,-121.5018658,0%,Unknown
iPhone SE,10/21/17 7:51,"Saturday, October 21 at 07:51:23 (0m 3s ago)","4830 Sunset Terrace, Fair Oaks, CA 95628, USA",38.6542549,-121.2706434,23%,NotCharging
iPad 2,10/21/17 7:51,"Saturday, October 21 at 07:36:51 (14m 35s ago)","3500 Soda Way, Sacramento, CA 95834, USA",38.63058926,-121.5016265,0%,Unknown
iPhone SE,10/21/17 7:51,"Saturday, October 21 at 07:51:47 (0m 1s ago)","4830 Sunset Terrace, Fair Oaks, CA 95628, USA",38.65419455,-121.2706247,23%,NotCharging
iPhone SE,10/21/17 7:58,"Saturday, October 21 at 07:58:45 (0m 1s ago)","4800 Sunset Terrace, Fair Oaks, CA 95628, USA",38.65430045,-121.2704641,23%,NotCharging
iPhone SE,10/21/17 7:58,"Saturday, October 21 at 07:58:53 (0m 5s ago)","4828-4898 Sunset Terrace, Fair Oaks, CA 95628, USA",38.65415,-121.2705744,23%,NotCharging
iPad 2,10/21/17 7:58,"Saturday, October 21 at 07:56:44 (2m 14s ago)","3500 Soda Way, Sacramento, CA 95834, USA",38.63058921,-121.5016265,82%,NotCharging
iPhone SE,10/21/17 8:04,"Saturday, October 21 at 08:04:25 (0m 1s ago)","4800 Sunset Terrace, Fair Oaks, CA 95628, USA",38.65419103,-121.2704104,23%,NotCharging
iPad 2,10/21/17 8:04,"Saturday, October 21 at 07:56:44 (7m 43s ago)","3500 Soda Way, Sacramento, CA 95834, USA",38.63058921,-121.5016265,82%,NotCharging
iPhone SE,10/21/17 8:04,"Saturday, October 21 at 08:04:46 (0m 1s ago)","4800 Sunset Terrace, Fair Oaks, CA 95628, USA",38.65425921,-121.2705186,23%,NotCharging
iPhone SE,10/21/17 8:08,"Saturday, October 21 at 08:08:27 (0m 3s ago)","4800 Sunset Terrace, Fair Oaks, CA 95628, USA",38.65420834,-121.2705346,23%,NotCharging
iPhone SE,10/21/17 8:09,"Saturday, October 21 at 08:09:29 (0m 1s ago)","4800 Sunset Terrace, Fair Oaks, CA 95628, USA",38.6542346,-121.2704549,23%,NotCharging
iPad 2,10/21/17 8:10,"Saturday, October 21 at 08:06:35 (3m 9s ago)","3500 Soda Way, Sacramento, CA 95834, USA",38.63058917,-121.5016265,82%,NotCharging
iPhone SE,10/21/17 8:11,"Saturday, October 21 at 08:11:20 (0m 1s ago)","4800 Sunset Terrace, Fair Oaks, CA 95628, USA",38.65425669,-121.2704785,23%,NotCharging
iPad 2,10/21/17 8:11,"Saturday, October 21 at 08:06:35 (4m 53s ago)","3500 Soda Way, Sacramento, CA 95834, USA",38.63058917,-121.5016265,82%,NotCharging
iPhone SE,10/21/17 8:12,"Saturday, October 21 at 08:12:01 (0m 34s ago)","4800 Sunset Terrace, Fair Oaks, CA 95628, USA",38.65420863,-121.2704413,23%,NotCharging
iPhone SE,10/21/17 8:16,"Saturday, October 21 at 08:16:00 (0m 1s ago)","4828-4898 Sunset Terrace, Fair Oaks, CA 95628, USA",38.65408001,-121.2705636,23%,NotCharging
iPad 2,10/21/17 8:16,"Saturday, October 21 at 08:06:35 (9m 34s ago)","3500 Soda Way, Sacramento, CA 95834, USA",38.63058917,-121.5016265,82%,NotCharging
iPhone SE,10/21/17 8:16,"Saturday, October 21 at 08:16:35 (0m 1s ago)","4830 Sunset Terrace, Fair Oaks, CA 95628, USA",38.6542282,-121.2708195,23%,NotCharging
iPhone SE,10/21/17 8:24,"Saturday, October 21 at 08:23:49 (0m 2s ago)","4830 Sunset Terrace, Fair Oaks, CA 95628, USA",38.65437193,-121.2707017,23%,NotCharging
iPad 2,10/21/17 8:24,"Saturday, October 21 at 08:16:30 (7m 44s ago)","3500 Soda Way, Sacramento, CA 95834, USA",38.63058917,-121.5016265,82%,NotCharging
iPhone SE,10/21/17 8:29,"Saturday, October 21 at 08:29:41 (0m 0s ago)","4800 Sunset Terrace, Fair Oaks, CA 95628, USA",38.6542904,-121.2704295,21%,NotCharging
iPad 2,10/21/17 8:29,"Saturday, October 21 at 08:16:30 (13m 19s ago)","3500 Soda Way, Sacramento, CA 95834, USA",38.63058917,-121.5016265,0%,Unknown
iPhone SE,10/21/17 8:30,"Saturday, October 21 at 08:29:43 (0m 31s ago)","4800 Sunset Terrace, Fair Oaks, CA 95628, USA",38.6542904,-121.2704295,21%,NotCharging
iPhone SE,10/21/17 8:32,"Saturday, October 21 at 08:32:16 (0m 4s ago)","4830 Sunset Terrace, Fair Oaks, CA 95628, USA",38.65423948,-121.2706005,21%,NotCharging
iPad 2,10/21/17 8:32,"Saturday, October 21 at 08:16:30 (15m 50s ago)","3500 Soda Way, Sacramento, CA 95834, USA",38.63058917,-121.5016265,0%,Unknown
iPhone SE,10/21/17 8:32,"Saturday, October 21 at 08:32:53 (0m 1s ago)","4800 Sunset Terrace, Fair Oaks, CA 95628, USA",38.65429131,-121.2704966,21%,NotCharging
iPad 2,10/21/17 8:32,"Saturday, October 21 at 08:16:30 (16m 25s ago)","3500 Soda Way, Sacramento, CA 95834, USA",38.63058917,-121.5016265,0%,Unknown
iPhone SE,10/21/17 8:33,"Saturday, October 21 at 08:33:20 (0m 1s ago)","4830 Sunset Terrace, Fair Oaks, CA 95628, USA",38.65424036,-121.2710022,21%,NotCharging
iPhone SE,10/21/17 8:46,"Saturday, October 21 at 08:46:42 (0m 1s ago)","4800 Sunset Terrace, Fair Oaks, CA 95628, USA",38.65427259,-121.2704491,21%,NotCharging
iPad 2,10/21/17 8:46,"Saturday, October 21 at 08:16:30 (30m 21s ago)","3500 Soda Way, Sacramento, CA 95834, USA",38.63058917,-121.5016265,0%,Unknown
iPhone SE,10/21/17 8:47,"Saturday, October 21 at 08:47:20 (0m 1s ago)","4800 Sunset Terrace, Fair Oaks, CA 95628, USA",38.65426747,-121.2704355,21%,NotCharging
iPhone SE,10/21/17 8:47,"Saturday, October 21 at 08:47:20 (0m 1s ago)","4800 Sunset Terrace, Fair Oaks, CA 95628, USA",38.65426747,-121.2704355,21%,NotCharging
iPhone SE,10/21/17 9:12,"Saturday, October 21 at 09:11:45 (0m 3s ago)","4814 Suncrest Way, Fair Oaks, CA 95628, USA",38.65386254,-121.2715013,20%,NotCharging
iPad 2,10/21/17 9:12,"Saturday, October 21 at 08:57:45 (14m 25s ago)","3480-3500 Soda Way, Sacramento, CA 95834, USA",38.63063327,-121.5018672,0%,Unknown
iPhone SE,10/21/17 9:13,"Saturday, October 21 at 09:11:49 (1m 11s ago)","4828-4898 Sunset Terrace, Fair Oaks, CA 95628, USA",38.65398513,-121.270771,20%,NotCharging
iPhone SE,10/21/17 9:13,"Saturday, October 21 at 09:13:25 (0m 0s ago)","4830 Sunset Terrace, Fair Oaks, CA 95628, USA",38.65416278,-121.2706295,20%,NotCharging
iPad 2,10/21/17 9:13,"Saturday, October 21 at 09:12:25 (1m 8s ago)","3480-3500 Soda Way, Sacramento, CA 95834, USA",38.63061566,-121.5017716,82%,NotCharging
iPhone SE,10/21/17 9:23,"Saturday, October 21 at 09:23:13 (0m 4s ago)","4830 Sunset Terrace, Fair Oaks, CA 95628, USA",38.65423839,-121.27058,20%,NotCharging
iPad 2,10/21/17 9:23,"Saturday, October 21 at 09:23:14 (0m 10s ago)","3507-3515 Soda Way, Sacramento, CA 95834, USA",38.63068418,-121.5019162,82%,NotCharging
iPhone SE,10/21/17 9:32,"Saturday, October 21 at 09:32:06 (0m 0s ago)","4830 Sunset Terrace, Fair Oaks, CA 95628, USA",38.65418181,-121.2707757,20%,NotCharging
iPhone SE,10/21/17 9:33,"Saturday, October 21 at 09:33:21 (0m 0s ago)","4830 Sunset Terrace, Fair Oaks, CA 95628, USA",38.65433331,-121.2707387,20%,NotCharging
iPhone SE,10/21/17 9:42,"Saturday, October 21 at 09:42:29 (0m 5s ago)","4800 Sunset Terrace, Fair Oaks, CA 95628, USA",38.6540433,-121.2702675,20%,NotCharging
iPad 2,10/21/17 9:44,"Saturday, October 21 at 09:33:16 (9m 38s ago)","3500 Soda Way, Sacramento, CA 95834, USA",38.63058918,-121.5016265,82%,NotCharging
iPhone SE,10/21/17 9:45,"Saturday, October 21 at 09:44:37 (0m 4s ago)","4830 Sunset Terrace, Fair Oaks, CA 95628, USA",38.65434542,-121.2705593,18%,NotCharging
iPhone SE,10/21/17 9:45,"Saturday, October 21 at 09:44:37 (0m 4s ago)","4830 Sunset Terrace, Fair Oaks, CA 95628, USA",38.65434542,-121.2705593,18%,NotCharging
iPhone SE,10/21/17 10:00,"Saturday, October 21 at 09:59:29 (0m 1s ago)","4800 Sunset Terrace, Fair Oaks, CA 95628, USA",38.65426713,-121.2704658,17%,NotCharging
iPad 2,10/21/17 10:00,"Saturday, October 21 at 09:33:16 (27m 29s ago)","3500 Soda Way, Sacramento, CA 95834, USA",38.63058918,-121.5016265,0%,Unknown
iPhone SE,10/21/17 10:10,"Saturday, October 21 at 10:09:28 (0m 1s ago)","4800 Sunset Terrace, Fair Oaks, CA 95628, USA",38.65423411,-121.2705354,15%,NotCharging
iPad 2,10/21/17 10:10,"Saturday, October 21 at 09:33:16 (37m 24s ago)","3500 Soda Way, Sacramento, CA 95834, USA",38.63058918,-121.5016265,0%,Unknown
iPhone SE,10/21/17 10:20,"Saturday, October 21 at 10:20:23 (0m 3s ago)","4828-4898 Sunset Terrace, Fair Oaks, CA 95628, USA",38.65420222,-121.2705702,15%,NotCharging
iPad 2,10/21/17 10:20,"Saturday, October 21 at 10:17:54 (2m 42s ago)","3500-3520 Soda Way, Sacramento, CA 95834, USA",38.63072692,-121.5018547,82%,NotCharging
iPhone SE,10/21/17 10:25,"Saturday, October 21 at 10:24:52 (0m 4s ago)","4830 Sunset Terrace, Fair Oaks, CA 95628, USA",38.65426563,-121.2707832,15%,NotCharging
iPad 2,10/21/17 10:25,"Saturday, October 21 at 10:17:54 (7m 11s ago)","3500-3520 Soda Way, Sacramento, CA 95834, USA",38.63072692,-121.5018547,82%,NotCharging
iPhone SE,10/21/17 10:27,"Saturday, October 21 at 10:27:24 (0m 2s ago)","4800 Sunset Terrace, Fair Oaks, CA 95628, USA",38.65421626,-121.2704922,15%,NotCharging
iPad 2,10/21/17 10:27,"Saturday, October 21 at 10:17:54 (9m 39s ago)","3500-3520 Soda Way, Sacramento, CA 95834, USA",38.63072692,-121.5018547,82%,NotCharging
iPhone SE,10/21/17 10:40,"Saturday, October 21 at 10:39:56 (0m 18s ago)","4800 Sunset Terrace, Fair Oaks, CA 95628, USA",38.65426632,-121.2705189,10%,NotCharging
iPad 2,10/21/17 10:40,"Saturday, October 21 at 10:32:49 (7m 26s ago)","3500-3520 Soda Way, Sacramento, CA 95834, USA",38.6306742,-121.5017674,82%,NotCharging
iPhone SE,10/21/17 10:43,"Saturday, October 21 at 10:42:48 (0m 18s ago)","4830 Sunset Terrace, Fair Oaks, CA 95628, USA",38.65432255,-121.27051,10%,NotCharging
iPad 2,10/21/17 10:43,"Saturday, October 21 at 10:32:49 (10m 17s ago)","3500-3520 Soda Way, Sacramento, CA 95834, USA",38.6306742,-121.5017674,0%,Unknown
iPhone SE,10/21/17 10:45,"Saturday, October 21 at 10:45:15 (0m 16s ago)","4830 Sunset Terrace, Fair Oaks, CA 95628, USA",38.65423671,-121.2706289,10%,NotCharging
iPad 2,10/21/17 10:45,"Saturday, October 21 at 10:45:13 (0m 19s ago)","3500-3520 Soda Way, Sacramento, CA 95834, USA",38.6307373,-121.5017667,82%,NotCharging
iPhone SE,10/21/17 10:46,"Saturday, October 21 at 10:46:33 (0m 17s ago)","4800 Sunset Terrace, Fair Oaks, CA 95628, USA",38.6543901,-121.2700495,10%,NotCharging
iPhone SE,10/21/17 10:46,"Saturday, October 21 at 10:46:33 (0m 17s ago)","4800 Sunset Terrace, Fair Oaks, CA 95628, USA",38.6543901,-121.2700495,10%,NotCharging
iPhone SE,10/21/17 10:48,"Saturday, October 21 at 10:46:37 (1m 27s ago)","4830 Sunset Terrace, Fair Oaks, CA 95628, USA",38.65422963,-121.2706202,10%,NotCharging
iPad 2,10/21/17 10:48,"Saturday, October 21 at 10:45:13 (2m 51s ago)","3500-3520 Soda Way, Sacramento, CA 95834, USA",38.6307373,-121.5017667,82%,NotCharging
iPhone SE,10/21/17 10:49,"Saturday, October 21 at 10:48:15 (1m 34s ago)","4830 Sunset Terrace, Fair Oaks, CA 95628, USA",38.6542212,-121.2705888,9%,NotCharging
iPad 2,10/21/17 10:49,"Saturday, October 21 at 10:45:13 (4m 36s ago)","3500-3520 Soda Way, Sacramento, CA 95834, USA",38.6307373,-121.5017667,82%,NotCharging
iPhone SE,10/21/17 10:50,"Saturday, October 21 at 10:49:36 (1m 15s ago)","4828-4898 Sunset Terrace, Fair Oaks, CA 95628, USA",38.65416454,-121.2705849,9%,NotCharging
iPhone SE,10/21/17 10:50,"Saturday, October 21 at 10:49:36 (1m 15s ago)","4828-4898 Sunset Terrace, Fair Oaks, CA 95628, USA",38.65416454,-121.2705849,9%,NotCharging
iPhone SE,10/21/17 10:51,"Saturday, October 21 at 10:50:44 (0m 21s ago)","4830 Sunset Terrace, Fair Oaks, CA 95628, USA",38.65432099,-121.2706352,9%,NotCharging
iPad 2,10/21/17 10:51,"Saturday, October 21 at 10:45:13 (5m 52s ago)","3500-3520 Soda Way, Sacramento, CA 95834, USA",38.6307373,-121.5017667,82%,NotCharging
iPhone SE,10/21/17 10:51,"Saturday, October 21 at 10:51:28 (0m 16s ago)","4800 Sunset Terrace, Fair Oaks, CA 95628, USA",38.65428823,-121.270501,9%,NotCharging
iPhone SE,10/21/17 10:51,"Saturday, October 21 at 10:51:28 (0m 16s ago)","4800 Sunset Terrace, Fair Oaks, CA 95628, USA",38.65428823,-121.270501,9%,NotCharging
iPhone SE,10/21/17 10:52,"Saturday, October 21 at 10:51:58 (0m 18s ago)","4828-4898 Sunset Terrace, Fair Oaks, CA 95628, USA",38.65423034,-121.2705633,9%,NotCharging
iPad 2,10/21/17 10:52,"Saturday, October 21 at 10:45:13 (7m 3s ago)","3500-3520 Soda Way, Sacramento, CA 95834, USA",38.6307373,-121.5017667,82%,NotCharging
iPhone SE,10/21/17 10:52,"Saturday, October 21 at 10:52:28 (0m 20s ago)","4800 Sunset Terrace, Fair Oaks, CA 95628, USA",38.65429177,-121.2705041,9%,NotCharging
iPhone SE,10/21/17 10:52,"Saturday, October 21 at 10:52:28 (0m 20s ago)","4800 Sunset Terrace, Fair Oaks, CA 95628, USA",38.65429177,-121.2705041,9%,NotCharging
iPhone SE,10/21/17 10:53,"Saturday, October 21 at 10:52:56 (0m 18s ago)","4830 Sunset Terrace, Fair Oaks, CA 95628, USA",38.65415838,-121.270655,9%,NotCharging
iPad 2,10/21/17 10:53,"Saturday, October 21 at 10:45:13 (8m 2s ago)","3500-3520 Soda Way, Sacramento, CA 95834, USA",38.6307373,-121.5017667,82%,NotCharging
iPhone SE,10/21/17 10:53,"Saturday, October 21 at 10:53:08 (0m 21s ago)","4830 Sunset Terrace, Fair Oaks, CA 95628, USA",38.65420197,-121.2706913,9%,NotCharging
iPhone SE,10/21/17 10:53,"Saturday, October 21 at 10:53:08 (0m 21s ago)","4830 Sunset Terrace, Fair Oaks, CA 95628, USA",38.65420197,-121.2706913,9%,NotCharging
iPhone SE,10/21/17 10:54,"Saturday, October 21 at 10:53:43 (0m 17s ago)","4830 Sunset Terrace, Fair Oaks, CA 95628, USA",38.65421341,-121.2706721,9%,NotCharging
iPad 2,10/21/17 10:54,"Saturday, October 21 at 10:45:13 (8m 48s ago)","3500-3520 Soda Way, Sacramento, CA 95834, USA",38.6307373,-121.5017667,82%,NotCharging
iPhone SE,10/21/17 10:54,"Saturday, October 21 at 10:54:06 (0m 17s ago)","4830 Sunset Terrace, Fair Oaks, CA 95628, USA",38.65425041,-121.2706745,9%,NotCharging
iPhone SE,10/21/17 10:54,"Saturday, October 21 at 10:54:06 (0m 17s ago)","4830 Sunset Terrace, Fair Oaks, CA 95628, USA",38.65425041,-121.2706745,9%,NotCharging
iPhone SE,10/21/17 10:55,"Saturday, October 21 at 10:54:45 (0m 16s ago)","4830 Sunset Terrace, Fair Oaks, CA 95628, USA",38.6542285,-121.2705994,9%,NotCharging
iPad 2,10/21/17 10:55,"Saturday, October 21 at 10:45:13 (9m 49s ago)","3500-3520 Soda Way, Sacramento, CA 95834, USA",38.6307373,-121.5017667,82%,NotCharging
iPhone SE,10/21/17 10:58,"Saturday, October 21 at 10:58:50 (0m 4s ago)","4830 Sunset Terrace, Fair Oaks, CA 95628, USA",38.6541948,-121.270637,7%,NotCharging
iPad 2,10/21/17 10:58,"Saturday, October 21 at 10:45:13 (13m 41s ago)","3500-3520 Soda Way, Sacramento, CA 95834, USA",38.6307373,-121.5017667,0%,Unknown
iPhone SE,10/23/17 22:44,"Monday, October 23 at 10:44:03 (0m 0s ago)","9605-9625 Linda Rio Dr, Sacramento, CA 95827, USA",38.57339703,-121.3451985,100%,NotCharging
iPhone SE,10/23/17 22:57,10/23/17 22:57,"9555-9559 Mira Del Rio Dr, Sacramento, CA 95827, USA",38.57673231,-121.3423955,100%,NotCharging
iPhone SE,10/23/17 23:18,10/23/17 23:18,"9483-9487 Mira Del Rio Dr, Sacramento, CA 95827, USA",38.57515622,-121.3459648,97%,NotCharging
iPhone SE,10/23/17 23:20,10/23/17 23:20,"9351 Tucumcari Way, Sacramento, CA 95827, USA",38.57145433,-121.3521003,97%,NotCharging
iPhone SE,10/23/17 23:24,10/23/17 23:24,"9484-9490 Alcosta Way, Sacramento, CA 95827, USA",38.57349233,-121.3459114,95%,NotCharging
iPhone SE,10/23/17 23:25,10/23/17 23:25,"9487 Alcosta Way, Sacramento, CA 95827, USA",38.57356447,-121.3460079,95%,NotCharging
iPhone SE,10/23/17 23:26,,"9484-9490 Alcosta Way, Sacramento, CA 95827, USA",38.57346689,-121.3460179,95%,NotCharging
iPhone SE,10/23/17 23:34,10/23/17 23:34,"9463 Alcosta Way, Sacramento, CA 95827, USA",38.57361995,-121.345693,95%,Charging
iPad 2,10/23/17 23:34,10/23/17 23:34,"9463 Alcosta Way, Sacramento, CA 95827, USA",38.57361995,-121.345693,95%,Unknown
iPhone SE,10/23/17 23:39,10/23/17 23:39,"9490-9498 Alcosta Way, Sacramento, CA 95827, USA",38.57359115,-121.3456502,95%,Charging
iPhone SE,10/24/17 0:00,10/24/17 0:00,"9490-9498 Alcosta Way, Sacramento, CA 95827, USA",38.57355976,-121.3456212,99%,Charged
iPhone SE,10/24/17 0:00,10/24/17 0:00,"9464-9468 Alcosta Way, Sacramento, CA 95827, USA",38.57294376,-121.3466576,99%,Charged
iPhone SE,10/24/17 0:05,10/24/17 0:05,"9590 Folsom Blvd, Sacramento, CA 95827, USA",38.57208432,-121.3372341,99%,Charged
iPhone SE,10/24/17 0:06,10/24/17 0:05,"9590 Folsom Blvd, Sacramento, CA 95827, USA",38.57208432,-121.3372341,99%,Charged"iPhone SE;10/24/17 00:11:32;10/24/17 00:11:27;Lincoln Hwy & US-50, Sacramento, CA 95826, USA;38.5524408964;-121.411186516;100%;Charged"
"iPhone SE;10/24/17 00:11:55;10/24/17 00:11:35;9665-9671 Folsom Blvd, Sacramento, CA 95827, USA;38.5720539872;-121.337316371;100%;Charged"
"iPhone SE;10/24/17 00:14:35;10/24/17 00:13:28;Lincoln Hwy, Sacramento, CA 95817, USA;38.558933093;-121.472083059;100%;Charged"
"iPhone SE;10/24/17 00:16:06;10/24/17 00:14:50;Golden State Hwy, Sacramento, CA 95818, USA;38.5652467143;-121.498643104;100%;Charged"
""
"iPhone SE;10/24/17 00:18:04;10/24/17 00:17:50;Lincoln Hwy, West Sacramento, CA 95691, USA;38.5751928063;-121.552628931;100%;Charged"
""
"iPhone SE;10/24/17 00:18:54;10/24/17 00:17:55;Lincoln Hwy, West Sacramento, CA 95691, USA;38.5751821613;-121.554479487;100%;Charged"
""
""
""
""
""
""
""
""
""
""
""
""
""
""
""
""
""
""
""
"iPhone SE;10/24/17 13:11:44;10/24/17 13:11:40;3800j J St, Sacramento, CA 95816, USA;38.5699351319;-121.455418551;64%;NotCharging"
"iPhone SE;10/24/17 14:14:49;10/24/17 14:14:42;3810 J St, Sacramento, CA 95816, USA;38.5698789397;-121.455345743;60%;NotCharging"
"iPhone SE;10/24/17 14:34:18;10/24/17 14:33:56;3810 J St, Sacramento, CA 95816, USA;38.5698879417;-121.455303719;57%;NotCharging"
"iPhone SE;10/24/17 17:04:07;10/24/17 14:33:58;3800j J St, Sacramento, CA 95816, USA;38.5699108662;-121.455249488;50%;NotCharging"
"iPhone SE;10/24/17 17:04:34;10/24/17 17:04:24;3810 J St, Sacramento, CA 95816, USA;38.5698777103;-121.455340122;50%;NotCharging"
"iPhone SE;10/24/17 17:37:32;10/24/17 17:37:24;3810 J St, Sacramento, CA 95816, USA;38.5698849844;-121.455340422;46%;NotCharging"
"iPhone SE;10/24/17 17:52:57;10/24/17 17:52:52;725 30th St, Sacramento, CA 95816, USA;38.5754227959;-121.465429051;46%;Charging"
"iPhone SE;10/24/17 17:54:13;10/24/17 17:53:58;801-849 29th St, Sacramento, CA 95816, USA;38.5755329859;-121.466991697;47%;Charging"
"iPhone SE;10/24/17 17:55:31;10/24/17 17:55:07;2630 E St, Sacramento, CA 95816, USA;38.5794974165;-121.468446544;47%;Charging"
"iPhone SE;10/24/17 18:04:08;10/24/17 17:55:10;500-512 27th St, Sacramento, CA 95816, USA;38.5795451934;-121.468324922;47%;Charging"
"iPhone SE;10/24/17 18:04:26;10/24/17 17:55:10;500-512 27th St, Sacramento, CA 95816, USA;38.5795451934;-121.468324922;50%;Charging"
"iPhone SE;10/24/17 18:04:52;10/24/17 18:04:30;2400-2440 Northgate Blvd, Sacramento, CA 95833, USA;38.610611544;-121.475522295;50%;Charging"
"iPhone SE;10/24/17 18:13:43;10/24/17 18:13:33;901 Eleanor Ave, Sacramento, CA 95815, USA;38.6165581658;-121.446169656;52%;Charging"
"iPhone SE;10/24/17 18:14:59;10/24/17 18:14:49;2875 Del Paso Blvd, Sacramento, CA 95815, USA;38.6190955388;-121.438080752;52%;Charging"
"iPhone SE;10/24/17 18:21:56;10/24/17 18:21:47;2875 Del Paso Blvd, Sacramento, CA 95815, USA;38.6191102071;-121.438064911;55%;Charging"
"iPhone SE;10/24/17 18:24:45;10/24/17 18:24:35;2875 Del Paso Blvd, Sacramento, CA 95815, USA;38.6191008613;-121.438045297;52%;Charging"
"iPhone SE;10/24/17 18:26:35;10/24/17 18:26:23;2875 Del Paso Blvd, Sacramento, CA 95815, USA;38.6191222351;-121.438049404;54%;Charging"
"iPhone SE;10/24/17 18:31:51;10/24/17 18:31:25;361-371 W El Camino Ave, Sacramento, CA 95833, USA;38.6112251832;-121.471537789;55%;Charging"
"iPhone SE;10/24/17 18:33:24;10/24/17 18:31:30;361-371 W El Camino Ave, Sacramento, CA 95833, USA;38.6112807971;-121.471494539;55%;Charging"
"iPhone SE;10/24/17 18:35:50;10/24/17 18:35:24;2908 Truxel Rd, Sacramento, CA 95833, USA;38.6187318061;-121.49784171;56%;Charging"
"iPhone SE;10/24/17 18:38:39;10/24/17 18:38:13;3341 Soda Way, Sacramento, CA 95834, USA;38.6276872829;-121.501870472;56%;Charging"
"iPhone SE;10/24/17 22:52:25;10/24/17 18:38:18;3340 Soda Way, Sacramento, CA 95834, USA;38.6281572143;-121.501767123;50%;Charging"
"iPhone SE;10/24/17 22:53:14;10/24/17 22:53:10;Golden State Hwy & Dwight D. Eisenhower Hwy & I-80, Sacramento, CA 95833, USA;38.6200664984;-121.515276572;50%;Charging"
"iPhone SE;10/24/17 23:07:50;10/24/17 22:53:15;Golden State Hwy & Dwight D. Eisenhower Hwy & I-80, Sacramento, CA 95833, USA;38.6188551458;-121.514643403;56%;Charging"
"iPhone SE;10/24/17 23:08:14;10/24/17 23:06:29;I-80BUS, West Sacramento, CA 95691, USA;38.5751144775;-121.54267869;56%;Charging"
"iPhone SE;10/24/17 23:09:38;10/24/17 23:08:52;Dwight D. Eisenhower Hwy, West Sacramento, CA 95605, USA;38.5964831338;-121.548865875;57%;Charging"
"iPhone SE;10/24/17 23:10:02;10/24/17 23:09:49;Dwight D. Eisenhower Hwy, Sacramento, CA 95833, USA;38.6100829812;-121.5397094;57%;Charging"
"iPhone SE;10/24/17 23:11:12;10/24/17 23:11:04;3348-3372 W El Camino Ave, Sacramento, CA 95833, USA;38.6140068854;-121.529505691;58%;Charging"
"iPhone SE;10/24/17 23:11:57;10/24/17 23:11:11;3348-3372 W El Camino Ave, Sacramento, CA 95833, USA;38.6139860563;-121.527973814;58%;Charging"
"iPhone SE;10/24/17 23:12:44;10/24/17 23:12:39;2486-2502 W El Camino Ave, Sacramento, CA 95833, USA;38.6143500405;-121.517024282;58%;Charging"
"iPhone SE;10/24/17 23:14:01;10/24/17 23:13:57;2000 W El Camino Ave, Sacramento, CA 95833, USA;38.6126785633;-121.504330225;60%;Charging"
"iPhone SE;10/24/17 23:14:54;10/24/17 23:14:02;2000 W El Camino Ave, Sacramento, CA 95833, USA;38.6126304511;-121.503444677;60%;Charging"
"iPhone SE;10/24/17 23:15:40;10/24/17 23:15:36;1620 W El Camino Ave, Sacramento, CA 95833, USA;38.6121896468;-121.49922749;61%;Charging"
"iPhone SE;10/24/17 23:16:06;10/24/17 23:16:04;1620 W El Camino Ave, Sacramento, CA 95833, USA;38.6121896468;-121.49922749;61%;Charging"
"iPhone SE;10/24/17 23:16:41;10/24/17 23:16:37;1620 W El Camino Ave, Sacramento, CA 95833, USA;38.6121896468;-121.49922749;61%;Charging"
"iPhone SE;10/24/17 23:20:25;10/24/17 23:20:24;1620 W El Camino Ave, Sacramento, CA 95833, USA;38.6120613199;-121.499336707;62%;Charging"
"iPhone SE;10/24/17 23:22:25;10/24/17 23:22:23;1620 W El Camino Ave, Sacramento, CA 95833, USA;38.6120583024;-121.499298234;63%;Charging"
"iPhone SE;10/24/17 23:24:56;10/24/17 23:22:26;1620 W El Camino Ave, Sacramento, CA 95833, USA;38.6120568356;-121.499297647;63%;NotCharging"
"iPhone SE;10/24/17 23:25:36;10/24/17 23:24:58;1620 W El Camino Ave, Sacramento, CA 95833, USA;38.6120308936;-121.499067564;63%;NotCharging"
"iPhone SE;10/24/17 23:31:25;10/24/17 23:31:24;1620 W El Camino Ave, Sacramento, CA 95833, USA;38.6122394354;-121.499286164;67%;Charging"
"iPhone SE;10/24/17 23:33:19;10/24/17 23:33:17;1620 W El Camino Ave, Sacramento, CA 95833, USA;38.6122416985;-121.499215169;68%;Charging"
"iPhone SE;10/24/17 23:37:07;10/24/17 23:37:06;1620 W El Camino Ave, Sacramento, CA 95833, USA;38.6122073327;-121.499169907;69%;Charging"
"iPhone SE;10/24/17 23:39:11;10/24/17 23:39:10;1620 W El Camino Ave, Sacramento, CA 95833, USA;38.6121879705;-121.499239477;70%;Charging"
"iPhone SE;10/24/17 23:43:46;10/24/17 23:43:21;1620 W El Camino Ave, Sacramento, CA 95833, USA;38.6121116951;-121.499165967;73%;Charging"
"iPhone SE;10/24/17 23:47:11;10/24/17 23:46:31;1620 W El Camino Ave, Sacramento, CA 95833, USA;38.6121686921;-121.499117185;74%;Charging"
"iPhone SE;10/24/17 23:49:04;10/24/17 23:49:04;1620 W El Camino Ave, Sacramento, CA 95833, USA;38.612266928;-121.49938683;75%;Charging"
"iPhone SE;10/24/17 23:51:27;10/24/17 23:51:26;1620 W El Camino Ave, Sacramento, CA 95833, USA;38.612256283;-121.499115676;76%;Charging"
"iPhone SE;10/24/17 23:54:11;10/24/17 23:54:08;1620 W El Camino Ave, Sacramento, CA 95833, USA;38.612256283;-121.499115676;77%;Charging"
"iPhone SE;10/24/17 23:56:14;10/24/17 23:56:12;1628 W El Camino Ave, Sacramento, CA 95833, USA;38.612265214;-121.4990071;79%;Charging"
"iPhone SE;10/25/17 00:01:40;10/25/17 00:00:14;1620 W El Camino Ave, Sacramento, CA 95833, USA;38.6121769064;-121.499209469;81%;Charging"
"iPhone SE;10/25/17 00:04:50;10/25/17 00:04:41;2830-2836 Truxel Rd, Sacramento, CA 95833, USA;38.6176952161;-121.497761244;82%;Charging"
"iPhone SE;10/25/17 00:05:31;10/25/17 00:05:22;Truxel Rd, Sacramento, CA 95833, USA;38.6240233854;-121.497850511;82%;Charging"
"iPhone SE;10/25/17 00:11:22;10/25/17 00:11:20;3500 Soda Way, Sacramento, CA 95834, USA;38.6306599249;-121.501748683;83%;NotCharging"
"iPhone SE;10/25/17 00:18:12;10/25/17 00:18:10;3507 Soda Way, Sacramento, CA 95834, USA;38.6305673269;-121.502283924;83%;NotCharging"
"iPhone SE;10/25/17 00:26:23;10/25/17 00:18:13;3500 Soda Way, Sacramento, CA 95834, USA;38.6307038041;-121.501704343;83%;NotCharging"
"iPhone SE;10/25/17 09:27:02;10/25/17 09:27:01;3810 J St, Sacramento, CA 95816, USA;38.5698755868;-121.455340373;67%;NotCharging"
"iPhone SE;10/25/17 11:26:36;10/25/17 11:26:11;3800j J St, Sacramento, CA 95816, USA;38.5699195724;-121.455366026;58%;NotCharging"
"iPhone SE;10/25/17 12:09:06;10/25/17 12:09:05;3800j J St, Sacramento, CA 95816, USA;38.5699519101;-121.455376962;57%;NotCharging"
"iPhone SE;10/25/17 12:19:54;10/25/17 12:19:31;3800j J St, Sacramento, CA 95816, USA;38.5699123077;-121.455361415;57%;NotCharging"
"iPhone SE;10/25/17 12:50:43;10/25/17 12:50:42;3810 J St, Sacramento, CA 95816, USA;38.56984708;-121.455409583;56%;NotCharging"
"iPhone SE;10/25/17 13:37:09;10/25/17 13:36:45;3800j J St, Sacramento, CA 95816, USA;38.5699010759;-121.455357716;55%;NotCharging"
"iPhone SE;10/25/17 16:52:24;10/25/17 16:52:15;3810 J St, Sacramento, CA 95816, USA;38.5697928474;-121.455327585;46%;NotCharging"
"iPhone SE;10/25/17 17:16:40;10/25/17 17:16:38;3810 J St, Sacramento, CA 95816, USA;38.5697954474;-121.455124933;43%;NotCharging"
"iPhone SE;10/25/17 17:44:44;10/25/17 17:44:21;3810 J St, Sacramento, CA 95816, USA;38.5697242432;-121.455394663;37%;NotCharging"
"iPhone SE;10/25/17 18:00:00;10/25/17 17:59:52;3810 J St, Sacramento, CA 95816, USA;38.5698747587;-121.455347783;31%;NotCharging"
"iPhone SE;10/25/17 18:10:43;10/25/17 17:59:55;3810 J St, Sacramento, CA 95816, USA;38.5697056773;-121.455475129;25%;NotCharging"
"iPhone SE;10/25/17 18:11:01;10/25/17 18:10:51;3810 J St, Sacramento, CA 95816, USA;38.5697352654;-121.455403632;25%;NotCharging"
"iPhone SE;10/25/17 18:18:13;10/25/17 18:18:03;3908 J St, Sacramento, CA 95819, USA;38.5696487313;-121.454230663;25%;NotCharging"
"iPhone SE;10/25/17 18:20:04;10/25/17 18:19:40;813 30th St, Sacramento, CA 95816, USA;38.5751859424;-121.465640607;25%;NotCharging"
"iPhone SE;10/25/17 18:22:50;10/25/17 18:22:42;2620-2698 F St, Sacramento, CA 95816, USA;38.5785605058;-121.468725499;25%;NotCharging"
"iPhone SE;10/25/17 18:23:45;10/25/17 18:22:51;520-598 27th St, Sacramento, CA 95816, USA;38.5787570011;-121.46860471;25%;NotCharging"
"iPhone SE;10/25/17 18:24:43;10/25/17 18:24:17;2405 D St, Sacramento, CA 95816, USA;38.581806547;-121.471484397;25%;NotCharging"
"iPhone SE;10/25/17 18:28:52;10/25/17 18:28:41;173 N Sacramento Fwy, Sacramento, CA 95811, USA;38.5945012328;-121.477970984;25%;NotCharging"
"iPhone SE;10/25/17 18:32:42;10/25/17 18:32:35;2450-2498 Northgate Blvd, Sacramento, CA 95833, USA;38.6111385339;-121.475538937;25%;NotCharging"
"iPhone SE;10/25/17 18:33:55;10/25/17 18:32:43;586-598 W El Camino Ave, Sacramento, CA 95833, USA;38.6112389295;-121.47544317;25%;NotCharging"
"iPhone SE;10/25/17 18:34:51;10/25/17 18:34:43;3120 Northgate Blvd, Sacramento, CA 95833, USA;38.6221942864;-121.47547496;23%;NotCharging"
"iPhone SE;10/25/17 18:36:48;10/25/17 18:34:50;3111-3123 Northgate Blvd, Sacramento, CA 95833, USA;38.6224390458;-121.475548412;23%;NotCharging"
"iPhone SE;10/25/17 18:37:14;10/25/17 18:37:07;535 Wisconsin Ave, Sacramento, CA 95833, USA;38.6205278803;-121.475139577;23%;NotCharging"
"iPhone SE;10/25/17 18:52:35;10/25/17 18:52:27;601-615 Pelican Way, Sacramento, CA 95833, USA;38.6198841994;-121.475966608;20%;NotCharging"
"iPhone SE;10/25/17 19:02:53;10/25/17 19:02:42;3278-3298 Bridgeford Dr, Sacramento, CA 95833, USA;38.6274005558;-121.487057246;18%;NotCharging"
"iPhone SE;10/26/17 08:47:26;10/26/17 08:47:15;3830-3836 J St, Sacramento, CA 95816, USA;38.5699648038;-121.455020243;93%;NotCharging"
""
""
""
""
"iPhone SE;10/26/17 11:11:20;10/26/17 11:11:10;3800j J St, Sacramento, CA 95816, USA;38.5699720541;-121.455309084;87%;NotCharging"
"iPhone SE;10/26/17 11:20:46;10/26/17 11:20:45;3810 J St, Sacramento, CA 95816, USA;38.5698889514;-121.455350009;87%;NotCharging"
"iPhone SE;10/26/17 11:33:54;10/26/17 11:33:48;3810 J St, Sacramento, CA 95816, USA;38.5698781589;-121.455345423;87%;NotCharging"
"iPhone SE;10/26/17 11:54:53;10/26/17 11:54:51;3800j J St, Sacramento, CA 95816, USA;38.5699139713;-121.455362751;87%;NotCharging"
"iPhone SE;10/26/17 12:21:29;10/26/17 12:20:13;3810 J St, Sacramento, CA 95816, USA;38.5698813762;-121.455350936;82%;NotCharging"
"iPhone SE;10/26/17 12:27:27;10/26/17 12:27:20;3810 J St, Sacramento, CA 95816, USA;38.5698885318;-121.455352321;82%;NotCharging"
"iPhone SE;10/26/17 12:38:04;10/26/17 12:37:41;3810 J St, Sacramento, CA 95816, USA;38.5698279138;-121.455329648;82%;NotCharging"
"iPhone SE;10/26/17 12:48:10;10/26/17 12:48:00;3800j J St, Sacramento, CA 95816, USA;38.5699159494;-121.455367626;82%;NotCharging"
"iPhone SE;10/26/17 12:54:00;10/26/17 12:48:05;3810 J St, Sacramento, CA 95816, USA;38.5698792246;-121.455389885;81%;NotCharging"
"iPhone SE;10/26/17 13:16:17;10/26/17 13:16:09;3810 J St, Sacramento, CA 95816, USA;38.5698768739;-121.455346278;81%;NotCharging"
"iPhone SE;10/26/17 13:26:42;10/26/17 13:26:19;3800j J St, Sacramento, CA 95816, USA;38.5698989013;-121.455357692;79%;NotCharging"
"iPhone SE;10/26/17 14:18:07;10/26/17 14:18:05;3800j J St, Sacramento, CA 95816, USA;38.569917795;-121.455278811;68%;NotCharging"
"iPhone SE;10/26/17 14:21:54;10/26/17 14:21:52;3810 J St, Sacramento, CA 95816, USA;38.5698749079;-121.455370272;67%;NotCharging"
"iPhone SE;10/26/17 14:38:16;10/26/17 14:38:14;3712 J St, Sacramento, CA 95816, USA;38.5704411513;-121.456497418;61%;NotCharging"
"iPhone SE;10/26/17 14:39:13;10/26/17 14:39:12;3665 J St, Sacramento, CA 95816, USA;38.570713182;-121.456960822;61%;NotCharging"
"iPhone SE;10/26/17 14:40:51;10/26/17 14:40:49;3700 J St, Sacramento, CA 95816, USA;38.5704483139;-121.456926456;61%;NotCharging"
